[16:09:38] [Seri Port] COM4 portuna bağlanmaya çalışılıyor...
[16:09:38] [Seri Port] Bağlantı Başarılı! COM4 dinleniyor...
[16:09:39] [Telemetri] Arayüze Gönderildi: {'zaman_damgasi': 0, 'irtifa': 0.0, 'hiz': 0.0, 'enlem': 0.0, 'boylam': 0.0, 'durum': 'NORMAL', 'zemin_rakimi': 0.0, 'ax': 0, 'ay': 0, 'az': 0, 'gx': 0, 'gy': 0, 'gz': 0, 'sicaklik': 0.0, 'roll': 0.0, 'pitch': 0.0, 'yaw': 0.0, 'mx': 0.0, 'my': 0.0, 'mz': 0.0}
[16:09:39] [RabbitMQ] Arayüzdeki komut butonları dinleniyor...
[16:09:40] [Telemetri] Arayüze Gönderildi: {'zaman_damgasi': 0, 'irtifa': 0.0, 'hiz': 0.0, 'enlem': 0.0, 'boylam': 0.0, 'durum': 'NORMAL', 'zemin_rakimi': 0.0, 'ax': 0, 'ay': 0, 'az': 0, 'gx': 0, 'gy': 0, 'gz': 0, 'sicaklik': 0.0, 'roll': 0.0, 'pitch': 0.0, 'yaw': 0.0, 'mx': 0.0, 'my': 0.0, 'mz': 0.0}
[16:09:41] [Telemetri] Arayüze Gönderildi: {'zaman_damgasi': 0, 'irtifa': 0.0, 'hiz': 0.0, 'enlem': 0.0, 'boylam': 0.0, 'durum': 'NORMAL', 'zemin_rakimi': 0.0, 'ax': 0, 'ay': 0, 'az': 0, 'gx': 0, 'gy': 0, 'gz': 0, 'sicaklik': 0.0, 'roll': 0.0, 'pitch': 0.0, 'yaw': 0.0, 'mx': 0.0, 'my': 0.0, 'mz': 0.0}
[16:09:42] [Telemetri] Arayüze Gönderildi: {'zaman_damgasi': 0, 'irtifa': 0.0, 'hiz': 0.0, 'enlem': 0.0, 'boylam': 0.0, 'durum': 'NORMAL', 'zemin_rakimi': 0.0, 'ax': 0, 'ay': 0, 'az': 0, 'gx': 0, 'gy': 0, 'gz': 0, 'sicaklik': 0.0, 'roll': 0.0, 'pitch': 0.0, 'yaw': 0.0, 'mx': 0.0, 'my': 0.0, 'mz': 0.0}
[16:09:43] [Telemetri] Arayüze Gönderildi: {'zaman_damgasi': 0, 'irtifa': 0.0, 'hiz': 0.0, 'enlem': 0.0, 'boylam': 0.0, 'durum': 'NORMAL', 'zemin_rakimi': 0.0, 'ax': 0, 'ay': 0, 'az': 0, 'gx': 0, 'gy': 0, 'gz': 0, 'sicaklik': 0.0, 'roll': 0.0, 'pitch': 0.0, 'yaw': 0.0, 'mx': 0.0, 'my': 0.0, 'mz': 0.0}
[16:09:44] [Telemetri] Arayüze Gönderildi: {'zaman_damgasi': 0, 'irtifa': 0.0, 'hiz': 0.0, 'enlem': 0.0, 'boylam': 0.0, 'durum': 'NORMAL', 'zemin_rakimi': 0.0, 'ax': 0, 'ay': 0, 'az': 0, 'gx': 0, 'gy': 0, 'gz': 0, 'sicaklik': 0.0, 'roll': 0.0, 'pitch': 0.0, 'yaw': 0.0, 'mx': 0.0, 'my': 0.0, 'mz': 0.0}
[16:09:44] MPU,3440,-0.003,0.001,0.000,-0.03,-0.03,-0.05,31.14,0.00,0.01,-7.36,234,-51,-12
[16:09:44] MPU,3548,-0.001,0.001,-0.002,0.03,-0.07,-0.30,31.12,-0.00,0.05,-7.36,234,-51,-13
[16:09:44] MPU,3705,-0.007,-0.001,0.001,-0.10,-0.00,0.26,31.12,-0.00,0.07,-7.36,234,-51,-13
[16:09:44] MPU,3805,0.001,0.005,0.006,2.61,1.63,-5.13,31.11,0.04,0.12,-7.71,234,-52,-13
[16:09:44] MPU,3913,-0.009,-0.003,0.002,-0.42,-0.36,0.78,31.11,0.02,0.13,-7.36,234,-51,-12
[16:09:44] MPU,4013,-0.004,0.000,0.000,0.18,0.14,-0.09,31.10,0.04,0.15,-7.36,234,-51,-13
[16:09:44] MPU,4122,-0.005,0.002,0.001,0.24,0.13,-0.28,31.10,0.03,0.15,-7.71,234,-52,-13
[16:09:44] MPU,4231,-0.007,0.000,0.000,-0.08,-0.09,0.27,31.10,0.02,0.18,-7.80,233,-52,-13
[16:09:44] MPU,4340,-0.003,0.001,-0.001,0.20,0.14,-0.25,31.09,0.03,0.15,-7.36,234,-51,-13
[16:09:45] [Telemetri] Arayüze Gönderildi: {'zaman_damgasi': 4340, 'irtifa': 0.0, 'hiz': 0.0, 'enlem': 0.0, 'boylam': 0.0, 'durum': 'NORMAL', 'zemin_rakimi': 0.0, 'ax': -0.003, 'ay': 0.001, 'az': -0.001, 'gx': 0.2, 'gy': 0.14, 'gz': -0.25, 'sicaklik': 31.09, 'roll': 0.03, 'pitch': 0.15, 'yaw': -7.36, 'mx': 234.0, 'my': -51.0, 'mz': -13.0}
[16:09:45] MPU,4440,-0.006,-0.002,0.000,-0.13,-0.07,0.16,31.1,0.00,0.18,-7.37,234,-51,-13
[16:09:45] MPU,4548,-0.007,-0.001,0.001,0.03,-0.07,-0.03,31.08,-0.01,0.19,-7.37,234,-51,-13
[16:09:45] MPU,4681,-0.009,-0.001,-0.003,-0.02,0.11,-0.01,31.07,0.01,0.19,-7.37,234,-51,-12
[16:09:45] MPU,4787,-0.007,0.003,-0.000,0.19,0.14,-0.21,31.09,0.01,0.19,-7.37,234,-51,-13
[16:09:45] MPU,4895,-0.010,0.001,0.00,-0.09,-0.01,0.17,31.08,-0.01,0.22,-7.38,234,-51,-12
[16:09:45] MPU,4995,-0.008,0.000,0.003,0.06,0.02,0.06,31.07,0.01,0.22,-7.37,234,-51,-13
[16:09:45] MPU,5103,-0.011,0.001,-0000,0.09,0.06,-0.01,31.06,0.02,0.23,-7.37,234,-51,-13
[16:09:45] MPU,5213,-0.009,0.001,-0.002,0.02,-0.03,-0.25,31.07,0.02,0.24,-7.37,234,-51,-13
[16:09:45] MPU,5321,-0.011,0.000,-0.001,-0.18,-0.10,0.27,31.08,0.03,0.25,-7.37,234,-51,-13
[16:09:46] [Telemetri] Arayüze Gönderildi: {'zaman_damgasi': 5321, 'irtifa': 0.0, 'hiz': 0.0, 'enlem': 0.0, 'boylam': 0.0, 'durum': 'NORMAL', 'zemin_rakimi': 0.0, 'ax': -0.011, 'ay': 0.0, 'az': -0.001, 'gx': -0.18, 'gy': -0.1, 'gz': 0.27, 'sicaklik': 31.08, 'roll': 0.03, 'pitch': 0.25, 'yaw': -7.37, 'mx': 234.0, 'my': -51.0, 'mz': -13.0}
[16:09:46] MPU,5421,-0.008,0.002,0.002,0.26,0.06,-0.60,31.06,0.03,0.25,-7.37,234,-51,-13
[16:09:46] MPU,5530,-0.011,0.001,0.001,-0.04,-0.07,-0.07,31.07,0.03,0.26,-7.37,234,-51,-13
[16:09:46] MPU,5685,-0.010,0.003,0.001,-0.05,0.09,0.18,31.06,0.03,0.28,-7.37,234,-51,-13
[16:09:46] MPU,5788,-0.008,0.002,-0.001,0.05,0.05,-0.41,31.06,0.03,0.29,-7.37,234,-51,-13
[16:09:46] MPU,5888,-0.013,0.000,0.000,-0.01,-0.03,-0.03,31.06,0.03,0.31,-7.37,234,-51,-13
[16:09:46] MPU,5996,-0.012,0.001,0.001,0.07,0.12,-0.06,31.05,0.03,0.31,-7.37,234,-51,-13
[16:09:46] MPU,6106,-0.013,-0.000,-0.001,-0.03,0.02,-0.01,31.06,0.02,0.33,-7.72,234,-52,-13
[16:09:46] MPU,6214,-0.013,-0.001,-0.000,-0.06,-0.08,0.08,31.04,0.01,0.33,-7.73,234,-52,-13
[16:09:46] MPU,6324,-0.012,0.002,-0.000,0.00,-0.02,-0.03,31.06,0.01,0.34,-7.38,234,-51,-13
[16:09:47] [Telemetri] Arayüze Gönderildi: {'zaman_damgasi': 6324, 'irtifa': 0.0, 'hiz': 0.0, 'enlem': 0.0, 'boylam': 0.0, 'durum': 'NORMAL', 'zemin_rakimi': 0.0, 'ax': -0.012, 'ay': 0.002, 'az': -0.0, 'gx': 0.0, 'gy': -0.02, 'gz': -0.03, 'sicaklik': 31.06, 'roll': 0.01, 'pitch': 0.34, 'yaw': -7.38, 'mx': 234.0, 'my': -51.0, 'mz': -13.0}
[16:09:47] MPU,6432,-0.013,-0.001,-0.001,0.10,-0.08,-0.25,31.05,-0.01,0.35,-7.73,234,-52,-13
[16:09:47] MPU,6532,-0.013,0.001,0.002,0.14,-0.03,-0.27,31.04,-0.00,0.36,-7.38,234,-51,-13
[16:09:47] MPU,6686,-0.013,0.000,0.000,-0.05,0.08,0.14,31.06,-0.00,0.35,-7.38,234,-51,-13
[16:09:47] MPU,6790,-0.013,-0.002,-0.001,-0.06,-0.01,-0.04,31.05,-0.02,0.35,-7.47,233,-51,-13
[16:09:47] MPU,6898,-0.014,-0.001,0.002,-0.09,-0.00,-0.02,31.0,-0.04,0.38,-7.47,233,51,-13
[16:09:47] MPU,6998,-0.015,-0.001,0.000,0.01,0.09,0.03,31.03,-0.02,0.40,-7.47,233,-51,-13
[16:09:47] MPU,7107,-0.016,-0.001,-0.001,0.05,0.05,-0.11,31.03,-0.02,0.40,-7.47,233,-51,-12
[16:09:47] MPU,7216,-0.015,-0.001,0.001,-0.02,0.02,0.04,31.04,-0.02,0.40,-7.47,233,-51,-13
[16:09:47] MPU,7325,-0.015,-0.001,-0.003,0.03,0.00,0.04,31.02,-0.01,0.40,-7.47,233,-51,-13
[16:09:48] [Telemetri] Arayüze Gönderildi: {'zaman_damgasi': 7325, 'irtifa': 0.0, 'hiz': 0.0, 'enlem': 0.0, 'boylam': 0.0, 'durum': 'NORMAL', 'zemin_rakimi': 0.0, 'ax': -0.015, 'ay': -0.001, 'az': -0.003, 'gx': 0.03, 'gy': 0.0, 'gz': 0.04, 'sicaklik': 31.02, 'roll': -0.01, 'pitch': 0.4, 'yaw': -7.47, 'mx': 233.0, 'my': -51.0, 'mz': -13.0}
[16:09:48] MPU,7425,-0.016,-0.001,-0.001,0.03,-0.01,-0.02,31.02,-0.02,0.40,-7.47,233,-51,-13
[16:09:48] MPU,7533,-0.016,-0.002,0.000,-0.06,-0.02,0.08,31.02,-0.02,0.42,-7.47,233,-51,-14
[16:09:48] MPU,7689,-0.015,-0.001,-0.000,0.06,0.05,-0.08,31.01,-0.01,0.43,-7.47,233,-51,-13
[16:09:48] MPU,7791,-0.015,0.000,0.002,-0.00,-0.01,-0.01,31.00,0.00,0.44,-7.47,233,-51,-13
[16:09:48] MPU,7901,-0.015,-0.002,-0.003,0.04,-0.04,-0.08,31.03,-0.01,0.44,-7.47,233,-51,-12
[16:09:48] MPU,8009,0.137,-0.0090.155,-21.03,30.01,32.00,31.00,-0.78,1.52,-7.66,234,-51,-13
[16:09:48] MPU,8109,0.05,-0.239,-0.232,-1.26,-27.65,5.21,31.01,-1.18,0.26,-7.75,233,-51,-13
[16:09:48] MPU,8217,0.050,-0.225,-0.161,-58.84,-29.59,-26.80,31.04,-7.65,-1.65,-8.78,234,-51,-12
[16:09:48] MPU,8327,0.181,-0.281,-0.124,-55.77,-47.50,-45.34,31.04,-10.97,-5.39,-8.66,233,-51,-13
[16:09:49] [Telemetri] Arayüze Gönderildi: {'zaman_damgasi': 8327, 'irtifa': 0.0, 'hiz': 0.0, 'enlem': 0.0, 'boylam': 0.0, 'durum': 'NORMAL', 'zemin_rakimi': 0.0, 'ax': 0.181, 'ay': -0.281, 'az': -0.124, 'gx': -55.77, 'gy': -47.5, 'gz': -45.34, 'sicaklik': 31.04, 'roll': -10.97, 'pitch': -5.39, 'yaw': -8.66, 'mx': 233.0, 'my': -51.0, 'mz': -13.0}
[16:09:49] MPU,8436,0.383,-0.362,-0.197,-34.40,-46.47,-28.87,31.07,-13.65,-11.84,-7.01,233,-50,-13
[16:09:49] MPU,8545,0.570,-0.352,-0.299,-29.84,-40.23,-37.03,31.07,-14.84,-17.59,-5.93,233,-51,-13
[16:09:49] MPU,8689,0.676,-0.361,-0.196,-13.78,-30.62,-34.41,31.08,-15.09,-21.40,-4.91,234,-51,-13
[16:09:49] MPU,8793,0.818,-0.359,-0.278,-18.72,-10.91,-17.87,31.10,-16.18,-25.55,-3.46,233,-50,-13
[16:09:49] MPU,8902,0.976,-0.317,-0.257,-22.38,-21.68,-31.92,31.08,-14.92,-31.53,-2.83,233,-51,-13
[16:09:49] MPU,9011,1.125,-0.258,-0.346,-24.72,-27.07,-45.74,31.08,-13.76,-39.01,-1.50,233,-50,-13
[16:09:49] MPU,9120,1.329,-0.227,-0.216,-44.00,-33.79,-41.47,31.07,-14.37,-46.10,0.15,233,-50,-13
[16:09:49] MPU,9220,1.406,-0.100,-0.321,-35.81,-25.17,-40.93,31.09,-11.33,-53.75,-1.41,233,-51,-13
[16:09:49] MPU,9328,1.503,0.012,-0.219,-24.59,-26.55,-26.48,31.08,-8.37,-61.16,-3.42,233,-50,-13
[16:09:50] [Telemetri] Arayüze Gönderildi: {'zaman_damgasi': 9328, 'irtifa': 0.0, 'hiz': 0.0, 'enlem': 0.0, 'boylam': 0.0, 'durum': 'NORMAL', 'zemin_rakimi': 0.0, 'ax': 1.503, 'ay': 0.012, 'az': -0.219, 'gx': -24.59, 'gy': -26.55, 'gz': -26.48, 'sicaklik': 31.08, 'roll': -8.37, 'pitch': -61.16, 'yaw': -3.42, 'mx': 233.0, 'my': -50.0, 'mz': -13.0}
[16:09:50] MPU,9438,1.623,0.057,-0.234,-21.94,-23.16,-25.81,31.10,-5.25,-66.95,-7.63,233,-50,-13
[16:09:50] MPU,9547,1.669,0.140,-0.209,-26.53,-24.06,-25.13,31.10,-1.40,-72.10,-15.02,233,-51,-13
[16:09:50] MPU,9706,1.696,0.187,-0.230,-22.49,-15.68,-19.83,31.12,-0.72,-74.48,-16.67,233,-50,-13
[16:09:50] MPU,9815,1.752,0.261,-0.262,-15.27,-24.23,-27.67,31.12,1.95,-76.51,-22.59,233,-51,-13
[16:09:50] MPU,9924,1.705,0.351,-0.331,-16.26,-18.53,-33.26,31.10,7.53,-75.52,-28.99,233,-51,-13
[16:09:50] MPU,10033,1.753,0.422,-0.323,-18.59,-10.45,-31.12,31.10,12.56,-72.12,-31.13,233,-51,-13
[16:09:50] MPU,10142,1.748,0.526,-0.498,-22.71,-8.04,-36.96,31.11,16.21,-69.35,-31.46,233,-50,-13
[16:09:50] MPU,10242,1.770,0.636,-0.563,-17.80,-10.00,-30.25,31.12,19.03,-66.32,-31.38,233,-51,-13
[16:09:50] MPU,10350,1.635,0.775,-0.620,-15.94,-13.82,-32.49,31.12,23.37,-63.39,-31.76,233,-51,-13
[16:09:51] [Telemetri] Arayüze Gönderildi: {'zaman_damgasi': 10350, 'irtifa': 0.0, 'hiz': 0.0, 'enlem': 0.0, 'boylam': 0.0, 'durum': 'NORMAL', 'zemin_rakimi': 0.0, 'ax': 1.635, 'ay': 0.775, 'az': -0.62, 'gx': -15.94, 'gy': -13.82, 'gz': -32.49, 'sicaklik': 31.12, 'roll': 23.37, 'pitch': -63.39, 'yaw': -31.76, 'mx': 233.0, 'my': -51.0, 'mz': -13.0}
[16:09:51] MPU,10460,1.673,0.867,-0.628,-21.84,8.58,-15.93,31.13,26.81,-58.02,-29.42,233,-51,-13
[16:09:51] MPU,10568,1.625,0.966,-0.744,-21.26,-20.70,-19.54,31.13,29.20,-55.87,-28.89,233,-51,-13
[16:09:51] MPU,10680,1.624,0.972,-0.683,-16.81,-10.61,-13.20,31.14,29.09,-55.85,-29.11,233,-51,-12
[16:09:51] MPU,10786,1.628,1.036,-0.768,-6.82,1.80,-7.51,31.14,30.06,-54.01,-27.60,232,-50,-13
[16:09:51] MPU,10886,1.583,1.099,-0.741,3.36,1.09,-5.92,31.15,33.65,-51.46,-27.31,232,-51,-13
[16:09:51] MPU,10995,1.546,1.128,-0.747,1.97,4.84,3.40,31.16,36.79,-48.93,-26.41,232,-51,-13
[16:09:51] MPU,11095,1.525,1.188,-0.730,-0.08,14.05,10.72,31.14,38.59,-46.96,-25.18,232,-50,-13
[16:09:51] MPU,11203,1.544,1.179,-0.677,2.18,20.18,14.88,31.15,39.40,-45.39,-24.46,232,-51,-13
[16:09:51] MPU,11313,1.559,1.120,-0.672,-10.55,-1.84,5.56,31.18,38.46,-46.21,-24.84,232,-51,-13
[16:09:52] [Telemetri] Arayüze Gönderildi: {'zaman_damgasi': 11313, 'irtifa': 0.0, 'hiz': 0.0, 'enlem': 0.0, 'boylam': 0.0, 'durum': 'NORMAL', 'zemin_rakimi': 0.0, 'ax': 1.559, 'ay': 1.12, 'az': -0.672, 'gx': -10.55, 'gy': -1.84, 'gz': 5.56, 'sicaklik': 31.18, 'roll': 38.46, 'pitch': -46.21, 'yaw': -24.84, 'mx': 232.0, 'my': -51.0, 'mz': -13.0}
[16:09:52] MPU,11421,1.653,1.154,-0.754,-18.37,5.05,23.62,31.16,37.26,-47.27,-25.31,232,-51,-13
[16:09:52] MPU,11521,1.561,1.063,-0.675,3.87,-10.03,23.82,31.18,37.71,-48.98,-26.69,232,-51,-13
[16:09:52] MPU,11622,1.596,1.058,-0.702,8.23,-2.49,21.53,31.18,38.20,-49.31,-27.07,232,-51,-13
[16:09:52] MPU,11744,1.529,1.015,-0.662,6.51,-6.59,.44,31.17,38.82,-49.98,-27.76,233,-51,-13
[16:09:52] MPU,11848,1.614,0.982,-0.672,-8.07,8.08,1.27,31.16,37.16,-50.07,-27.37,233,-51,-13
[16:09:52] MPU,11948,1.597,1.010,-0.680,13.16,-6.01,-12.97,31.19,36.52,-51.13,-28.26,233,-51,-12
[16:09:52] MPU,12056,1.614,1.011,-0.654,5.74,3.34,-3.70,31.17,37.50,-51.36,-28.43,232,-51,-13
[16:09:52] MPU,12166,1.607,1.014,-0.665,7.07,-6.35,-4.58,31.17,37.27,-51.94,-28.82,233,-51,-13
[16:09:52] MPU,12274,1.615,1.029,-0.657,-0.36,0.19,-0.78,31.19,37.45,-51.79,-28.74,232,-51,-13
[16:09:52] MPU,12374,1.626,1.017,-0.665,-2.59,-2.13,-0.66,31.19,37.14,-51.73,-2890,233,-51,-12
[16:09:53] [Telemetri] Arayüze Gönderildi: {'zaman_damgasi': 12374, 'irtifa': 0.0, 'hiz': 0.0, 'enlem': 0.0, 'boylam': 0.0, 'durum': 'NORMAL', 'zemin_rakimi': 0.0, 'ax': 1.626, 'ay': 1.017, 'az': -0.665, 'gx': -2.59, 'gy': -2.13, 'gz': -0.66, 'sicaklik': 31.19, 'roll': 37.14, 'pitch': -51.73, 'yaw': -2890.0, 'mx': 233.0, 'my': -51.0, 'mz': -12.0}
[16:09:53] MPU,12482,1.613,1.020,-0.669,-3.0,-0.24,1.03,31.20,37.11,-51.63,-28.29,233,-50,-13
[16:09:53] MPU,12623,1.584,1.028,-0.668,-0.19,-0.91,-0.11,31.18,37.16,-51.38,-28.36,233,-51,-13
[16:09:53] MPU,12744,1.615,1.020,-0.686,-0.45,3.07,1.93,3120,37.10,-51.08,-28.40,233,-51,12
[16:09:53] MPU,12850,1.596,1.028,-0.667,0.42,1.68,0.33,31.22,37.41,-50.91,-28.07,233,-51,-13
[16:09:53] MPU,12958,1.625,1.022,-0.673,3.54,3.77,1.54,31.19,37.30,-50.84,-27.97,232,-51,-13
[16:09:53] MPU,13058,1.598,.030,-0.659,-2.25,1.62,1.41,31.22,37.37,-50.90,-28.33,233,-51,-12
[16:09:53] MPU,13167,1.621,1.019,-0.657,-3.39,4.85,4.42,31.22,37.14,-50.78,-27.90,233,-51,-13
[16:09:53] MPU,13276,1.616,1.009,-0.669,-0.52,.12,0.39,31.21,36.89,-51.10,-28.07,233,-51,-13
[16:09:54] MPU,13385,1.617,1.012,-0.660,-1.12,-1.02,-0.78,31.22,36.70,-51.51,-28.33,233,-51,-13
[16:09:54] [Telemetri] Arayüze Gönderildi: {'zaman_damgasi': 13385, 'irtifa': 0.0, 'hiz': 0.0, 'enlem': 0.0, 'boylam': 0.0, 'durum': 'NORMAL', 'zemin_rakimi': 0.0, 'ax': 1.617, 'ay': 1.012, 'az': -0.66, 'gx': -1.12, 'gy': -1.02, 'gz': -0.78, 'sicaklik': 31.22, 'roll': 36.7, 'pitch': -51.51, 'yaw': -28.33, 'mx': 233.0, 'my': -51.0, 'mz': -13.0}
[16:09:54] MPU,13485,1.602,1.023,-0.664,-1.84,-1.84,-1.72,31.22,36.76,-51.12,-28.04,233,-51,-13
[16:09:54] MPU,13624,1.606,1.016,-0.670,0.71,-1.57,-0.75,31.24,36.77,-51.40,-28.26,233,-51,-13
[16:09:54] MPU,13745,1.613,1.013,-0.656,-0.68,-1.00,-1.28,31.24,36.72,-51.50,-28.32,233,-51,-13
[16:09:54] MPU,13851,1.605,1.030,-0.669,-1.92,-1.10,-0.78,31.25,36.74,-51.5,-28.38,233,-51,-13
[16:09:54] MPU,13961,1.602,1.029,-0.668,-0.45,-0.26,-0.33,31.26,36.97,-51.36,-28.29,233,-51,-13
[16:09:54] MPU,14069,1.612,1.035,-0.670,0.38,-0.27,-0.38,31.25,37.18,-51.21,-28.24,233,-51,-13
[16:09:54] MPU,14169,1.595,1.041,-0.685,-0.56,-2.20,-2.53,31.26,37.54,-51.29,-28.40,233,-51,-13
[16:09:54] MPU,14277,1.600,1.043,-0.667,1.68,0.25,-1.03,31.26,37.76,-50.97,-28.50,233,-51,-12
[16:09:55] MPU,14387,1.590,1.045,-0.680,0.55,0.90,0.11,31.25,37.79,-0.74,-28.06,233,-51,-13
[16:09:55] [Telemetri] Arayüze Gönderildi: {'zaman_damgasi': 14387, 'irtifa': 0.0, 'hiz': 0.0, 'enlem': 0.0, 'boylam': 0.0, 'durum': 'NORMAL', 'zemin_rakimi': 0.0, 'ax': 1.59, 'ay': 1.045, 'az': -0.68, 'gx': 0.55, 'gy': 0.9, 'gz': 0.11, 'sicaklik': 31.25, 'roll': 37.79, 'pitch': -0.74, 'yaw': -28.06, 'mx': 233.0, 'my': -51.0, 'mz': -13.0}
[16:09:55] MPU,14496,1.591,1.043,-0.674,-0.42,-0.19,-0.44,31.27,37.78,-50.72,-28.32,233,-51,-12
[16:09:55] MPU,14627,1.597,1.045,-0.672,0.22,0.32,0.17,31.28,37.73,-50.75,-28.05,233,-51,-13
[16:09:55] MPU,14745,1.603,1.040,-0.669,0.30,1.42,0.79,31.29,37.76,-50.63,-27.96,233,-51,-13
[16:09:55] MPU,14853,1.606,1.048,-0.661,0.15,0.18,-0.25,31.28,37.77,-50.68,-28.01,233,-51,-13
[16:09:55] MPU,14962,1.607,1.037,-0.680,-0.17,0.17,-0.83,31.31,37.64,-50.75,-28.02,233,-51,-13
[16:09:55] MPU,15062,1.610,1.038,-0.663,0.60,-1.29,-0.99,31.31,37.64,-50.84,-28.33,233,-52,-13
[16:09:55] MPU,15170,1.599,1.047,-0.666,-1.25,-2.13,-1.02,31.29,37.58,-50.98,-28.18,233,-51,-13
[16:09:55] MPU,15280,1.604,1.037,-0.681,-0.80,-1.70,-1.25,31.31,37.46,-51.05,-28.18,232,-51,-13
[16:09:56] MPU,15388,1.600,1.053,-0.673,-1.68,-1.71,-1.08,31.32,37.54,-50.99,-28.16,232,-51,-13
[16:09:56] [Telemetri] Arayüze Gönderildi: {'zaman_damgasi': 15388, 'irtifa': 0.0, 'hiz': 0.0, 'enlem': 0.0, 'boylam': 0.0, 'durum': 'NORMAL', 'zemin_rakimi': 0.0, 'ax': 1.6, 'ay': 1.053, 'az': -0.673, 'gx': -1.68, 'gy': -1.71, 'gz': -1.08, 'sicaklik': 31.32, 'roll': 37.54, 'pitch': -50.99, 'yaw': -28.16, 'mx': 232.0, 'my': -51.0, 'mz': -13.0}
[16:09:56] MPU,15488,1.604,1.056,-0.686,-1.11,0.38,0.14,31.31,37.73,-50.70,-28.01,233,-51,-13
[16:09:56] MPU,15610,1.603,1.051,-0.677,-0.16,-0.19,0.17,31.32,37.85,-50.63,-27.98,233,-51,-13
[16:09:56] MPU,15744,1.603,1.056,-0.691,-2.22,-2.78,-0.21,31.32,37.65,-50.86,-28.35,233,-52,-13
[16:09:56] MPU,15845,1.580,1.049,-0.669,-5.22,-8.42,-4.09,31.33,37.79,-50.95,-28.50,233,-51,-12
[16:09:56] MPU,15953,1.582,1.064,-0.697,-2.32,-6.43,-1.36,31.33,37.87,-50.85,-28.16,233,-51,-13
[16:09:56] MPU,16053,1.584,1.069,-0.700,-2.95,-5.81,-1.51,31.33,38.07,-50.52,-28.24,233,-51,-12
[16:09:56] MPU,16162,1.581,1.076,-0.709,-7.00,-10.03,-1.98,31.34,38.12,-50.42,-28.17,232,-51,-12
[16:09:56] MPU,16271,1.585,1.089,-.739,-5.70,-7.09,-3.76,31.34,38.26,-50.20,-28.06,233,-51,-12
[16:09:57] MPU,16380,1.531,1.128,-0.741,-8.55,-13.75,-7.18,31.35,38.66,-49.65,-27.69,232,-52,-13
[16:09:57] [Telemetri] Arayüze Gönderildi: {'zaman_damgasi': 16380, 'irtifa': 0.0, 'hiz': 0.0, 'enlem': 0.0, 'boylam': 0.0, 'durum': 'NORMAL', 'zemin_rakimi': 0.0, 'ax': 1.531, 'ay': 1.128, 'az': -0.741, 'gx': -8.55, 'gy': -13.75, 'gz': -7.18, 'sicaklik': 31.35, 'roll': 38.66, 'pitch': -49.65, 'yaw': -27.69, 'mx': 232.0, 'my': -52.0, 'mz': -13.0}
[16:09:57] MPU,16489,1.539,1.142,-0.792,-7.43,-7.35,-3.56,31.34,38.93,-48.82,-26.89,232,-51,-13
[16:09:57] MPU,16618,1.499,1.178,-0.810,-5.29,-10.10,-6.51,31.37,39.55,-48.01,-26.44,232,-51,-13
[16:09:57] MPU,16744,1.477,1.191,-0.812,-5.57,-7.42,-5.66,31.36,39.21,-48.46,-26.69,232,-51,-13
[16:09:57] MPU,16846,1.459,1.233,-0.819,-0.78,.76,-0.20,31.37,40.8,-46.00,-25.22,232,-51,-13
[16:09:57] MPU,16955,1.446,1.250,-0.819,-5.77,-4.63,-2.05,31.39,41.59,-44.68,-24.40,233,-51,-13
[16:09:57] MPU,17064,1.433,1.279,-0.848,-3.44,-4.68,-4.86,31.39,42.31,-43.91,-23.94,232,-51,-13
[16:09:57] MPU,17173,1.389,1.311,-0.850,-3.78,-4.75,-2.70,31.39,43.17,-42.83,-23.30,233,-51,-13
[16:09:57] MPU,17283,1.391,1.337,-0.883,-5.51,-5.87,-3.37,31.40,43.75,-42.08,-22.81,232,-51,-13
[16:09:58] MPU,17391,1.352,1.356,-0.873,-4.78,-3.42,-2.86,31.39,44.31,-41.35,-22.35,232,-51,-13
[16:09:58] [Telemetri] Arayüze Gönderildi: {'zaman_damgasi': 17391, 'irtifa': 0.0, 'hiz': 0.0, 'enlem': 0.0, 'boylam': 0.0, 'durum': 'NORMAL', 'zemin_rakimi': 0.0, 'ax': 1.352, 'ay': 1.356, 'az': -0.873, 'gx': -4.78, 'gy': -3.42, 'gz': -2.86, 'sicaklik': 31.39, 'roll': 44.31, 'pitch': -41.35, 'yaw': -22.35, 'mx': 232.0, 'my': -51.0, 'mz': -13.0}
[16:09:58] MPU,17501,1.345,1.386,-0.895,-2.93,-2.91,-3.35,31.42,44.90,-40.35,-21.67,232,-51,-13
[16:09:58] MPU,17620,1.344,1.401,-0.869,-4.64,-3.27,-2.76,31.40,45.42,-39.69,-21.24,232,-51,-13
[16:09:58] MPU,17744,1.341,1.401,-0.896,-4.37,-3.18,-2.02,31.44,45.08-39.89,-21.35,232,-51,-13
[16:09:58] MPU,17847,1.305,1.425,-0.883,-3.80,-3.33,-2.12,31.44,45.85,-38.98,-20.75,232,-51,-13
[16:09:58] MPU,17956,1.292,1.457,-0.919,-7.19,-6.14,-4.63,31.43,46.38,-38.25,-20.26,232,-51,-13
[16:09:58] MPU,18056,1.281,1.480,-0.911,-7.00,-7.53,-6.25,31.44,46.73,-37.68,-19.86,232,-51,-13
[16:09:58] MPU,18164,1.249,1.518,-0.905,-7.04,-7.52,-6.73,31.45,47.33,-36.86,-19.29,232,-51,-13
[16:09:58] MPU,18264,1.222,1.551,-0.939,-4.70,-7.16,-3.20,31.45,47.97,-36.05,-18.72,232,-51,-13
[16:09:58] MPU,18373,1.207,1.555,-0.919,-7.29,-11.89,-6.44,31.45,48.59,-35.48,-18.54,232,-52,-13
[16:09:59] [Telemetri] Arayüze Gönderildi: {'zaman_damgasi': 18373, 'irtifa': 0.0, 'hiz': 0.0, 'enlem': 0.0, 'boylam': 0.0, 'durum': 'NORMAL', 'zemin_rakimi': 0.0, 'ax': 1.207, 'ay': 1.555, 'az': -0.919, 'gx': -7.29, 'gy': -11.89, 'gz': -6.44, 'sicaklik': 31.45, 'roll': 48.59, 'pitch': -35.48, 'yaw': -18.54, 'mx': 232.0, 'my': -52.0, 'mz': -13.0}
[16:09:59] MPU,18482,1.198,1.580,-0.923,-6.85,-10.13,-5.28,31.45,49.26,-34.80,-17.86,233,-51,-13
[16:09:59] MPU,18623,1.169,1.613,-0.950,-4.32,-11.75,-6.33,31.47,49.97,-34.22,-17.42,232,-51,-13
[16:09:59] MPU,18745,1.143,1.613,-0.937,-6.16,-11.65,-6.57,31.47,49.57,-35.09,-18.07,232,-51,-13
[16:09:59] MPU,18848,1.093,1.673,-0.949,-6.03,-8.08,-5.40,31.48,50.76,-33.28,-16.71,232,-51,-13
[16:09:59] MPU,18948,1.053,1.708,-0.952,-11.66,-12.03,-5.96,31.50,52.06,-31.28,-15.16,232,-51,-13
[16:09:59] MPU,19057,0.988,1.750,-0.956,-8.58,-14.35,-3.05,31.51,52.73,-29.98,-14.09,231,-51,-13
[16:09:59] MPU,19166,1.010,1.757,-0.961,-7.44,-10.54,-4.40,31.52,53.72,-28.73,-13.10,232,-51,-13
[16:09:59] MPU,19275,0.964,1.779,-0.959,-10.35,-15.23,-8.43,31.52,54.39,-28.07,-12.55,232,-51,-13
[16:10:00] MPU,19384,0.901,1.845,-0.958,-8.45,-12.08,-7.50,31.52,55.28,-27.00,-11.64,232,-51,-13
[16:10:00] [Telemetri] Arayüze Gönderildi: {'zaman_damgasi': 19384, 'irtifa': 0.0, 'hiz': 0.0, 'enlem': 0.0, 'boylam': 0.0, 'durum': 'NORMAL', 'zemin_rakimi': 0.0, 'ax': 0.901, 'ay': 1.845, 'az': -0.958, 'gx': -8.45, 'gy': -12.08, 'gz': -7.5, 'sicaklik': 31.52, 'roll': 55.28, 'pitch': -27.0, 'yaw': -11.64, 'mx': 232.0, 'my': -51.0, 'mz': -13.0}
[16:10:00] MPU,19493,0.876,1.862,-0.890,-6.96,-10.14,-3.74,31.53,56.69,-25.21,-10.08,232,-51,-13
[16:10:00] MPU,19625,0.888,1.884,-0.973,-3.51,-4.15,-1.43,31.53,57.42,-24.24,-9.21,232,-51,-13
[16:10:00] MPU,19752,0.874,1.892,-0.965,-2.01,-4.51,-0.53,31.53,57.32,-24.53,-9.46,232,-51,-13
[16:10:00] MPU,19860,0.838,1.912,-0.957,-3.14,-6.08,-2.35,31.54,58.24,-23.62,-8.43,232,-50,-13
[16:10:00] MPU,19969,0.813,1.933,-0.966,-2.29,-5.39,-2.42,31.54,58.84,-22.60,-7.65,231,-51,-13
[16:10:00] MPU,20078,0.774,1.954,-0.944,-2.04,-3.85,-2.31,31.57,59.56,-21.45,-6.63,232,-51,13
[16:10:00] PU,20187,0.756,1.965,-0.920,-1.28,-4.39,-2.21,31.56,60.24,-20.34,-5.59,232,-51,-13
[16:10:00] MPU,20296,0.723,1.978,-0.915,-3.54,-6.25,-2.92,31.57,60.66,-19.77,-5.04,232,-51,-13
[16:10:01] MPU,20396,0.696,1.994,-0.950,-1.26,-5.08,-2.00,31.57,60.80,-19.27,-4.60,232,-51,-13
[16:10:01] [Telemetri] Arayüze Gönderildi: {'zaman_damgasi': 20396, 'irtifa': 0.0, 'hiz': 0.0, 'enlem': 0.0, 'boylam': 0.0, 'durum': 'NORMAL', 'zemin_rakimi': 0.0, 'ax': 0.696, 'ay': 1.994, 'az': -0.95, 'gx': -1.26, 'gy': -5.08, 'gz': -2.0, 'sicaklik': 31.57, 'roll': 60.8, 'pitch': -19.27, 'yaw': -4.6, 'mx': 232.0, 'my': -51.0, 'mz': -13.0}
[16:10:01] MPU,20504,0.708,1.990,-0.944,-0.88,-2.80,-0.76,31.58,61.22,-18.71,-4.04,232,-51,-13
[16:10:01] MPU,20625,0.698,2.000,-0.917,-4.26,-6.65,-4.15,31.57,61.39,-18.61,-3.93,232,-51,-13
[16:10:01] MPU,20745,0.689,2.013,-0.931,-4.92,-4.26,-0.04,31.59,60.99,-18.91,-4.25,232,-51,-13
[16:10:01] MPU,20851,0.679,2.024,-0.942,-2.12,-3.01,-0.89,31.61,61.40,-18.11,-2.96,231,-50,-14
[16:10:01] MPU,20951,0.662,2.034,-0.927,-3.11,-4.82,-3.05,31.62,61.83,-17.80,-2.95,231,-50,-13
[16:10:01] MPU,21059,0.628,2.054,-0.907,-3.81,-3.61,-1.32,31.61,62.34,-17.02,-2.38,232,-51,-13
[16:10:01] MPU,21169,0.596,2.080,-0.901,2.79,5.25,2.11,31.64,63.30,-15.81,-1.14,232,-51,-13
[16:10:01] MPU,21277,0.575,2.087,-0.915,32.47,39.06,17.53,31.64,64.92,-13.23,1.48,232,-51,-13
[16:10:02] MPU,21377,0.649,2.009,-0.817,56.97,61.68,30.23,31.63,67.54,-10.65,4.47,231,-51,-13
[16:10:02] [Telemetri] Arayüze Gönderildi: {'zaman_damgasi': 21377, 'irtifa': 0.0, 'hiz': 0.0, 'enlem': 0.0, 'boylam': 0.0, 'durum': 'NORMAL', 'zemin_rakimi': 0.0, 'ax': 0.649, 'ay': 2.009, 'az': -0.817, 'gx': 56.97, 'gy': 61.68, 'gz': 30.23, 'sicaklik': 31.63, 'roll': 67.54, 'pitch': -10.65, 'yaw': 4.47, 'mx': 231.0, 'my': -51.0, 'mz': -13.0}
[16:10:02] MPU,21485,0.775,1.891,-0.796,59.12,62.59,27.24,31.64,68.49,-10.80,4.50,232,-51,-13
[16:10:02] MPU,21594,0.911,1.743,-0.711,46.41,54.79,22.85,31.64,67.30,-13.25,1.97,232,-51,-13
[16:10:02] MPU,21729,0.875,1.695,-0.585,43.68,49.17,23.83,31.66,70.62,-9.65,5.75,232,-51,-12
[16:10:02] MPU,21832,1.123,1.502,-0.556,29.27,43.68,29.66,31.65,64.87,-16.46,-1.43,232,-51,-13
[16:10:02] MPU,21932,1.277,1.377,-0.678,42.95,49.32,24.24,31.67,58.35,-24.83,-9.95,233,-51,-12
[16:10:02] MPU,22041,1.422,1.161,-0.463,33.07,47.38,25.46,31.67,52.37,-32.37,-16.05,233,-51,-13
[16:10:02] MPU,22150,1.508,.997,-0.426,27.84,35.75,19.89,31.67,46.48,-39.84,-21.50,233,-51,-13
[16:10:02] MPU,22258,1.579,0.884,-0.346,32.69,31.98,15.35,31.69,41.40,-46.02,-25.64,233,-51,-12
[16:10:02] MPU,22358,1.697,0.756,-0.265,32.52,39.14,21.58,31.67,37.67,-49.36,-27.25,232,-51,-12
[16:10:03] [Telemetri] Arayüze Gönderildi: {'zaman_damgasi': 22358, 'irtifa': 0.0, 'hiz': 0.0, 'enlem': 0.0, 'boylam': 0.0, 'durum': 'NORMAL', 'zemin_rakimi': 0.0, 'ax': 1.697, 'ay': 0.756, 'az': -0.265, 'gx': 32.52, 'gy': 39.14, 'gz': 21.58, 'sicaklik': 31.67, 'roll': 37.67, 'pitch': -49.36, 'yaw': -27.25, 'mx': 232.0, 'my': -51.0, 'mz': -12.0}
[16:10:03] MPU,22467,1.739,0.631,-0.159,34.53,31.60,19.69,31.68,33.66,-51.61,-27.43,232,-51,-13
[16:10:03] MPU,22587,1.717,0.563,-0.066,20.86,23.61,11.15,31.69,30.06,-53.71,-27.94,233,-51,-12
[16:10:03] MPU,22723,1.649,0.596,-0.073,18.84,23.89,12.78,31.69,31.17,-51.76,-26.95,233,-51,-12
[16:10:03] MPU,22823,1.609,0.578,-0.103,20.8,28.48,14.54,31.71,28.43,-50.0,-24.61,232,-51,-13
[16:10:03] MPU,22923,1.597,0.509,-0.051,9.13,19.33,14.59,31.70,24.60,-50.03,-23.24,232,-51,-12
[16:10:03] MPU,23031,1.609,0.435,-0.045,9.10,14.55,11.27,31.74,20.63,-50.03,-21.28,233,-51,-13
[16:10:03] MPU,23131,1.595,0.412,-0.017,-3.96,-4.82,-3.21,31.72,17.71,-51.21,-20.57,232,-51,-13
[16:10:03] MPU,23240,1.594,0.393,-0.012,-5.68,-4.98,-1.92,31.73,15.93,-51.80,-19.94,233,-51,-13
[16:10:03] MPU,23349,1.600,0.389,-0.040,-1.92,-3.13,-2.76,31.75,14.68,-52.65,-19.69,233,-51,-13
[16:10:04] [Telemetri] Arayüze Gönderildi: {'zaman_damgasi': 23349, 'irtifa': 0.0, 'hiz': 0.0, 'enlem': 0.0, 'boylam': 0.0, 'durum': 'NORMAL', 'zemin_rakimi': 0.0, 'ax': 1.6, 'ay': 0.389, 'az': -0.04, 'gx': -1.92, 'gy': -3.13, 'gz': -2.76, 'sicaklik': 31.75, 'roll': 14.68, 'pitch': -52.65, 'yaw': -19.69, 'mx': 233.0, 'my': -51.0, 'mz': -13.0}
[16:10:04] MPU,23458,1.613,0.383,-0.023,-1.99,-2.30,-1.95,31.75,14.14,-53.11,-19.82,233,-51,-12
[16:10:04] MPU,23567,1.633,0.381,-0.030,-3.25,-5.42,-2.62,31.74,13.87,-53.40,-19.81,233,-51,-12
[16:10:04] MPU,23698,1.655,0.384,-0.063,5.56,-9.21,-10.44,31.75,13.90,-54.19,-20.43,232,-52,-13
[16:10:04] MPU,23804,1.693,0.411,-0.059,-2.83,-16.09,-12.15,31.77,13.47,-57.29,-21.43,233,-51,-13
[16:10:04] MPU,23904,1.711,0.424,-0.049,-3.03,-27.89,-21.12,31.77,13.70,-59.33,-22.75,233,-51,-13
[16:10:04] MPU,24013,1.752,0.430,-0.057,-15.49,-39.45,-26.47,31.76,13.82,-62.24,-25.04,233,-52,-13
[16:10:04] MPU,24122,1.762,0.522,-0.210,-13.22,-47.45,-30.35,31.80,15.30,-65.50,-28.34,232,-51,-12
[16:10:04] MPU,24230,1.845,0.529,-0.255,-16.19,-39.12,-22.89,31.79,15.83,-68.37,-31.02,233,-51,-12
[16:10:04] MPU,24330,1.851,0.563,-0.244,-14.04,-32.72,-13.25,31.79,17.57,-69.50,-33.70,233,-52,-12
[16:10:05] [Telemetri] Arayüze Gönderildi: {'zaman_damgasi': 24330, 'irtifa': 0.0, 'hiz': 0.0, 'enlem': 0.0, 'boylam': 0.0, 'durum': 'NORMAL', 'zemin_rakimi': 0.0, 'ax': 1.851, 'ay': 0.563, 'az': -0.244, 'gx': -14.04, 'gy': -32.72, 'gz': -13.25, 'sicaklik': 31.79, 'roll': 17.57, 'pitch': -69.5, 'yaw': -33.7, 'mx': 233.0, 'my': -52.0, 'mz': -12.0}
[16:10:05] MPU,24439,1.842,0.600,-0.283,-19.13,-27.49,-9.96,31.78,19.36,-69.49,-34.66,233,-51,-12
[16:10:05] MPU,24548,1.833,0.639,-0.357,-13.74,-29.89,-16.03,31.79,21.27,-69.23,-36.07,233,-52,-12
[16:10:05] MPU,24666,1.802,0.667,-0.390,-18.95,-34.10,-14.45,31.80,21.91,-69.51,-36.42,233,-51,-12
[16:10:05] MPU,24766,1.787,0.731,-0.463,-11.03,-20.36,-10.08,31.81,22.20,-70.24,-36.94,233,-51,-13
[16:10:05] MPU,24876,1.731,0.814,-0.570,-12.40,-20.31,-6.37,31.83,26.23,-65.57,-35.48,232,-51,-12
[16:10:05] MPU,24984,1.680,0.880,-0.605,-11.48,-13.66,-3.27,31.83,29.29,-61.68,-33.46,233,-51,-13
[16:10:05] MPU,25093,1.629,0.943,-0.687,-5.32,-12.45,-9.74,31.83,31.88,-58.40,-31.95,233,-51,-13
[16:10:05] MPU,25202,1.601,0.992,-0.705,-6.58,-6.61,-2.00,31.84,34.02,-55.22,-30.28,233,-51,-13
[16:10:05] MPU,25302,1.574,1.024,-0.726,-2.94,-7.29,-3.70,31.84,35.38,-53.17,-29.16,232,-51,-13
[16:10:06] MPU,25402,1.548,1.060,-0.754,-8.03,-7.36,-2.31,31.84,36.60,-51.51,-28.29,233,-51,-13
[16:10:06] [Telemetri] Arayüze Gönderildi: {'zaman_damgasi': 25402, 'irtifa': 0.0, 'hiz': 0.0, 'enlem': 0.0, 'boylam': 0.0, 'durum': 'NORMAL', 'zemin_rakimi': 0.0, 'ax': 1.548, 'ay': 1.06, 'az': -0.754, 'gx': -8.03, 'gy': -7.36, 'gz': -2.31, 'sicaklik': 31.84, 'roll': 36.6, 'pitch': -51.51, 'yaw': -28.29, 'mx': 233.0, 'my': -51.0, 'mz': -13.0}
[16:10:06] MPU,25510,1.548,1.068,-0.769,-8.68,-10.66,-2.97,31.87,36.92,-50.54,-27.93,233,-51,-12
[16:10:06] MPU,25615,1.511,1.106,-0.793,-5.80,-9.29,-3.15,31.85,37.56,-49.78,-27.54,233,-51,-12
[16:10:06] MPU,25745,1.517,1.116,-0.804,-2.89,-4.45,-1.31,31.86,37.46,-49.97,-27.36,232,-51,-13
[16:10:06] MPU,25846,1.479,1.142,-0.813,-0.71,-1.73,-1.11,31.86,38.97,-47.91,-26.22,232,-51,-13
[16:10:06] MPU,25946,1.468,1.158,-0.817,-1.12,-5.10,-3.05,31.88,39.81,-46.81,-25.61,233,-51,-13
[16:10:06] MU,26054,1.447,1.191,-0.840,-1.63,2.64,-0.44,31.88,40.65,-45.62,-24.89,232,-51,-13
[16:10:06] MPU,26164,1.433,1.209,-0.843,0.58,3.82,1.68,31.90,41.50,-44.31,-24.34,233,-52,-13
[16:10:06] MPU,26272,1.438,1.205,-0.836,0.73,3.16,1.35,31.90,41.86,-43.61,-23.64,232,-51,-13
[16:10:06] MPU,26372,1.428,1.219,-0.829,-0.98,-0.52,-0.08,31.90,41.98,-43.54,-23.62,233,-51,-13
[16:10:07] [Telemetri] Arayüze Gönderildi: {'zaman_damgasi': 26372, 'irtifa': 0.0, 'hiz': 0.0, 'enlem': 0.0, 'boylam': 0.0, 'durum': 'NORMAL', 'zemin_rakimi': 0.0, 'ax': 1.428, 'ay': 1.219, 'az': -0.829, 'gx': -0.98, 'gy': -0.52, 'gz': -0.08, 'sicaklik': 31.9, 'roll': 41.98, 'pitch': -43.54, 'yaw': -23.62, 'mx': 233.0, 'my': -51.0, 'mz': -13.0}
[16:10:07] MPU,26481,1.449,1.203,-0.850,0.68,1.62,0.72,31.92,42.00,-43.48,-23.58,233,-51,-13
[16:10:07] MPU,26621,1.437,1.212,-0.825,0.03,-1.75,-1.03,31.92,42.05,-43.65,-23.72,233,-51,-13
[16:10:07] MPU,26745,1.439,1.217,-0.841,0.25,0.74,0.19,31.92,42.07,-43.57,-23.67,233,-51,-13
[16:10:07] MPU,26848,1.436,1.209,-0.838,0.54,-0.06,-0.52,31.94,42.17,-43.43,-23.58,233,-51,-13
[16:10:07] MPU,26956,1.433,1.216,-0.830,-0.24,0.09,-0.11,31.94,42.24,-43.39,-23.31,232,-50,-13
[16:10:07] MPU,27056,1.441,1.205,-0.827,1.28,0.09,-0.3,31.95,42.33,-43.37,-3.83,233,-51,-12
[16:10:07] MPU,27164,1.433,1.212,-0.836,0.51,-3.41,-2.63,31.95,42.18,-43.65,-24.01,233,-51,-12
[16:10:07] MPU,27264,1.425,1.221,-0.839,-0.96,-2.80,-2.14,31.95,42.28,-43.64,-23.76,233,-51,-13
[16:10:07] [RabbitMQ -> ESP32] Komut alındı: CALIBRATE
[16:10:07]   -> ESP32'ye başarıyla iletildi.
[16:10:07] [BİLGİ] Kalibrasyon Komutu Alindi!
[16:10:08] [Telemetri] Arayüze Gönderildi: {'zaman_damgasi': 27264, 'irtifa': 0.0, 'hiz': 0.0, 'enlem': 0.0, 'boylam': 0.0, 'durum': 'NORMAL', 'zemin_rakimi': 0.0, 'ax': 1.425, 'ay': 1.221, 'az': -0.839, 'gx': -0.96, 'gy': -2.8, 'gz': -2.14, 'sicaklik': 31.95, 'roll': 42.28, 'pitch': -43.64, 'yaw': -23.76, 'mx': 233.0, 'my': -51.0, 'mz': -13.0}
[16:10:09] [Telemetri] Arayüze Gönderildi: {'zaman_damgasi': 27264, 'irtifa': 0.0, 'hiz': 0.0, 'enlem': 0.0, 'boylam': 0.0, 'durum': 'NORMAL', 'zemin_rakimi': 0.0, 'ax': 1.425, 'ay': 1.221, 'az': -0.839, 'gx': -0.96, 'gy': -2.8, 'gz': -2.14, 'sicaklik': 31.95, 'roll': 42.28, 'pitch': -43.64, 'yaw': -23.76, 'mx': 233.0, 'my': -51.0, 'mz': -13.0}

[16:10:09] [UYARI] Arduino'dan veri gelmiyor! (Sinyal Kaybı) Bekleniyor...
[16:10:10] [Telemetri] Arayüze Gönderildi: {'zaman_damgasi': 27264, 'irtifa': 0.0, 'hiz': 0.0, 'enlem': 0.0, 'boylam': 0.0, 'durum': 'SİNYAL KAYBI', 'zemin_rakimi': 0.0, 'ax': 0.0, 'ay': 0.0, 'az': 0.0, 'gx': 0.0, 'gy': 0.0, 'gz': 0.0, 'sicaklik': 31.95, 'roll': 0.0, 'pitch': 0.0, 'yaw': 0.0, 'mx': 0.0, 'my': 0.0, 'mz': 0.0}
[16:10:11] [Telemetri] Arayüze Gönderildi: {'zaman_damgasi': 27264, 'irtifa': 0.0, 'hiz': 0.0, 'enlem': 0.0, 'boylam': 0.0, 'durum': 'SİNYAL KAYBI', 'zemin_rakimi': 0.0, 'ax': 0.0, 'ay': 0.0, 'az': 0.0, 'gx': 0.0, 'gy': 0.0, 'gz': 0.0, 'sicaklik': 31.95, 'roll': 0.0, 'pitch': 0.0, 'yaw': 0.0, 'mx': 0.0, 'my': 0.0, 'mz': 0.0}
[16:10:12] [Telemetri] Arayüze Gönderildi: {'zaman_damgasi': 27264, 'irtifa': 0.0, 'hiz': 0.0, 'enlem': 0.0, 'boylam': 0.0, 'durum': 'SİNYAL KAYBI', 'zemin_rakimi': 0.0, 'ax': 0.0, 'ay': 0.0, 'az': 0.0, 'gx': 0.0, 'gy': 0.0, 'gz': 0.0, 'sicaklik': 31.95, 'roll': 0.0, 'pitch': 0.0, 'yaw': 0.0, 'mx': 0.0, 'my': 0.0, 'mz': 0.0}
[16:10:13] [Telemetri] Arayüze Gönderildi: {'zaman_damgasi': 27264, 'irtifa': 0.0, 'hiz': 0.0, 'enlem': 0.0, 'boylam': 0.0, 'durum': 'SİNYAL KAYBI', 'zemin_rakimi': 0.0, 'ax': 0.0, 'ay': 0.0, 'az': 0.0, 'gx': 0.0, 'gy': 0.0, 'gz': 0.0, 'sicaklik': 31.95, 'roll': 0.0, 'pitch': 0.0, 'yaw': 0.0, 'mx': 0.0, 'my': 0.0, 'mz': 0.0}
[16:10:13] MPU,3441,-0.014,0.016,-0.016,0.01,0.48,0.18,32.18,0.03,0.03,-7.79,233,-52,-12
[16:10:13] [BİLGİ] Veri akışı tekrar sağlandı.
[16:10:13] MPU,3551,0.006,-0.000,0.007,-0.34,-0.12,-0.25,32.18,0.07,0.14,-7.51,232,-51,-13
[16:10:14] MPU,3659,-0.013,0.008,-0.013,0.05,-0.16,-0.19,32.18,0.09,0.15,-7.43,23,-51,-13
[16:10:14] [Telemetri] Arayüze Gönderildi: {'zaman_damgasi': 3659, 'irtifa': 0.0, 'hiz': 0.0, 'enlem': 0.0, 'boylam': 0.0, 'durum': 'NORMAL', 'zemin_rakimi': 0.0, 'ax': -0.013, 'ay': 0.008, 'az': -0.013, 'gx': 0.05, 'gy': -0.16, 'gz': -0.19, 'sicaklik': 32.18, 'roll': 0.09, 'pitch': 0.15, 'yaw': -7.43, 'mx': 23.0, 'my': -51.0, 'mz': -13.0}
[16:10:14] MPU,3769,-0.017,0.011,-0.005,0.89,2.07,0.75,32.19,0.21,0.39,-7.41,233,-51,-13
[16:10:14] MPU,3924,-0.000,-0.001,-0.012,0.03,-0.23,-.07,32.19,0.14,0.30,-7.42,233,-51-12
[16:10:14] MPU,4027,-0.015,0.012,0.003,-0.37,1.84,1.16,32.21,0.12,0.48,-7.44,233,-51,-13
[16:10:14] MPU,4133,-0.006,0.000,0.000,0.95,1.20,0.33,32.20,0.11,0.41,-7.52,232,-51,-12
[16:10:14] MPU,4233,-0.036,0.003,0.001,-0.89,-0.19,0.17,32.20,0.08,1.84,-7.53,233,-51,-13
[16:10:14] MPU,4342,-0.022,0.006,0.003,0.09,1.23,0.84,32.21,0.11,1.26,-7.57,232,-51,-13
[16:10:14] MPU,4451,-0.026,0.008,0.003,0.59,0.99,0.33,32.22,0.15,0.93,-7.18,232,-50,-13
[16:10:14] MPU,4559,-0.010,0.004,0.002,0.08,1.14,0.45,32.22,0.08,0.75,-7.46,233,-51,-13
[16:10:15] MPU,4659,-0.009,0.001,0.006,-0.88,-1.10,-0.92,3222,0.01,0.46,-7.55,232,-51,-13
[16:10:15] [Telemetri] Arayüze Gönderildi: {'zaman_damgasi': 4659, 'irtifa': 0.0, 'hiz': 0.0, 'enlem': 0.0, 'boylam': 0.0, 'durum': 'NORMAL', 'zemin_rakimi': 0.0, 'ax': -0.009, 'ay': 0.001, 'az': 0.006, 'gx': -0.88, 'gy': -1.1, 'gz': -0.92, 'sicaklik': 3222.0, 'roll': 0.01, 'pitch': 0.46, 'yaw': -7.55, 'mx': 232.0, 'my': -51.0, 'mz': -13.0}
[16:10:15] MPU,4768,-0.004,0.006,-0.007,-0.40,-1.54,-0.97,32.23,-0.00,0.20,-7.45,233,-51,-13
[16:10:15] MPU,4890,-0.009,0.008,-0.018,0.89,1.72,0.39,32.24,0.13,0.27,-7.42,233,-51,-12
[16:10:15] MPU,5021,-0.011,0.007,-0.002,0.32,3.01,2.03,32.24,0.16,0.55,-7.51,232,-51,-13
[16:10:15] MPU,5125,0.009,-0.008,0.007,-1.04,-1.28,-0.96,32.23,-0.07,0.23,-7.47,233,-51,-13
[16:10:15] MPU,5233,0.003,0.007,0.008,-1.26,-0.77,-0.08,32.24,0.04,0.06,-7.43,233,-51,-13
[16:10:15] MPU,5343,0.006,0.004,0.012,0.15,1.46,0.81,32.25,0.11,0.10,-7.42,233,-51,-13
[16:10:15] MPU,5451,0.001,0.007,0.002,0.81,1.46,0.68,32.24,0.15,0.11,-7.49,232,-51,-13
[16:10:15] MPU,5551,0.008,-0.001,0.008,-0.29,-0.80,-0.63,32.25,0.06,-0.05,-7.50,232,-51,-13
[16:10:16] MPU,5659,0.010,0.001,0.003,-0.48,-0.12,0.51,32.25,0.08,-0.15,-7.49,232,-51,-13
[16:10:16] [Telemetri] Arayüze Gönderildi: {'zaman_damgasi': 5659, 'irtifa': 0.0, 'hiz': 0.0, 'enlem': 0.0, 'boylam': 0.0, 'durum': 'NORMAL', 'zemin_rakimi': 0.0, 'ax': 0.01, 'ay': 0.001, 'az': 0.003, 'gx': -0.48, 'gy': -0.12, 'gz': 0.51, 'sicaklik': 32.25, 'roll': 0.08, 'pitch': -0.15, 'yaw': -7.49, 'mx': 232.0, 'my': -51.0, 'mz': -13.0}
[16:10:16] MPU,5769,0.011,0.004,0.010,0.17,1.39,0.93,32.25,0.13,-0.11,-7.40,233,-51,-13
[16:10:16] MPU,5873,0.021,-0.006,-0.003,0.52,1.99,1.11,32.25,0.06,-0.13,-7.77,233,-52,-12
[16:10:16] MPU,6004,0.011,0.000,0.004,0.19,0.31,0.22,32.27,0.08,-0.12,-7.50,232,-51,-2
[16:10:16] MPU,6106,0.008,0.002,0.008,1.27,0.99,0.08,32.25,0.09,-0.17,-7.41,233,-51,-13
[16:10:16] MPU,6214,0.008,-0.001,0.007,-0.07,0.9,0.54,32.25,0.07,-0.13,-7.50,232,-51,-13
[16:10:16] MPU,6323,0.010,-0.002,0.009,-0.03,-1.07,-0.31,32.26,-0.02,-0.29,-7.51,232,-51,-13
[16:10:16] MPU,6432,0.003,0.002,-0.000,0.54,-0.48,-0.55,32.25,-0.06,-0.35,-7.52,232,-51,-12
[16:10:16] MPU,6532,-0.008,0.012,-0.006,0.10,2.10,1.20,32.24,0.08,-0.15,-7.41,233,-51,-13
[16:10:16] MPU,6640,-0.001,0.002,0.016,1.51,7.88,4.70,32.25,0.23,0.38,-7.49,232,-51,-13
[16:10:17] [Telemetri] Arayüze Gönderildi: {'zaman_damgasi': 6640, 'irtifa': 0.0, 'hiz': 0.0, 'enlem': 0.0, 'boylam': 0.0, 'durum': 'NORMAL', 'zemin_rakimi': 0.0, 'ax': -0.001, 'ay': 0.002, 'az': 0.016, 'gx': 1.51, 'gy': 7.88, 'gz': 4.7, 'sicaklik': 32.25, 'roll': 0.23, 'pitch': 0.38, 'yaw': -7.49, 'mx': 232.0, 'my': -51.0, 'mz': -13.0}
[16:10:17] MPU,6749,-0.020,0.008,0.016,0.60,12.55,7.51,32.25,0.17,0.96,-7.53,232,-51,-13
[16:10:17] MPU,6887,-0.033,-0.014,0.057,4.34,30.24,22.83,32.25,0.15,2.80,-7.66,232,-51,-13
[16:10:17] MPU,7019,-0.066,-0.092,0.194,15.76,77.88,49.17,32.24,1.43,9.96,-7.70,232,-51,-13
[16:10:17] MPU,7126,-0.074,-0.257,0.457,35.96,70.07,57.16,32.25,1.36,13.44,-8.04,232,-51,-12
[16:10:17] MPU,7234,-0.110,-0.376,0.627,56.73,72.61,55.71,32.25,0.44,12.88,-8.45,232,-51,-13
[16:10:17] MPU,7344,-0.127,-0.532,0.785,56.05,83.07,75.04,32.25,-0.48,14.04,-9.04,232,-51,-12
[16:10:17] MPU,7452,-0.378,-0.601,0.983,88.95,120.01,97.25,32.23,-0.30,17.26,-9.45,232,-51,-13
[16:10:17] MPU,7552,-0.528,-0.810,1.269,41.74,128.14,131.80,32.26,-1.26,23.77,-11.21,233,-51,-12
[16:10:18] MPU,7660,-1.067,-0.830,1.548,9.54,90.02,181.57,2.26,-386,28.28,-14.49,233,-51,-12
[16:10:18] [Telemetri] Arayüze Gönderildi: {'zaman_damgasi': 7660, 'irtifa': 0.0, 'hiz': 0.0, 'enlem': 0.0, 'boylam': 0.0, 'durum': 'NORMAL', 'zemin_rakimi': 0.0, 'ax': -1.067, 'ay': -0.83, 'az': 1.548, 'gx': 9.54, 'gy': 90.02, 'gz': 181.57, 'sicaklik': 2.26, 'roll': -386.0, 'pitch': 28.28, 'yaw': -14.49, 'mx': 233.0, 'my': -51.0, 'mz': -12.0}
[16:10:18] MPU,7770,-1.068,-0.635,1.931,-181.92,-109.09,88.23,32.24,-8.68,24.56,-16.52,233,-51,-12
[16:10:18] MPU,7884,-1.142,-0.982,1.045,30.81,-94.10,57.79,32.26,-5.73,12.95,-11.34,232,-51,-12
[16:10:18] MPU,8019,-1.009,-0.624,1.602,-2.53,92.63,34.28,32.24,-6.20,21.88,-14.08,232,-51,-12
[16:10:18] MPU,8126,-1.072,-0.705,1.299,-34.85,-5.86,-11.36,32.22,-8.91,15.83,-13.71,232,-51,-13
[16:10:18] MPU,8236,-1.002,-0.891,1.348,1.41,22.94,-1.56,32.23,-10.28,18.68,-15.17,233,-51,-12
[16:10:18] MPU,8344,-1.108,-0.863,1.425,4.77,-10.57,-6.07,32.24,-12.32,17.56,-15.87,233,-51,-13
[16:10:18] MPU,8454,-1.058,-0.889,1.444,-5.59,7.42,2.20,32.24,-13.53,17.95,-16.62,233,-51,-13
[16:10:18] MPU,8562,-1.086,-0.925,1.427,-0.12,0.36,0.85,32.23,-14.30,17.88,-16.83,233,-51,-12
[16:10:19] MPU,8662,-1.080,-0.922,1.442,-3.00,2.37,8.08,32.22,-14.72,17.81,-17.12,233,-51,-13
[16:10:19] [Telemetri] Arayüze Gönderildi: {'zaman_damgasi': 8662, 'irtifa': 0.0, 'hiz': 0.0, 'enlem': 0.0, 'boylam': 0.0, 'durum': 'NORMAL', 'zemin_rakimi': 0.0, 'ax': -1.08, 'ay': -0.922, 'az': 1.442, 'gx': -3.0, 'gy': 2.37, 'gz': 8.08, 'sicaklik': 32.22, 'roll': -14.72, 'pitch': 17.81, 'yaw': -17.12, 'mx': 233.0, 'my': -51.0, 'mz': -13.0}
[16:10:19] MPU,8770,-1.081,-0.935,1.427,0.89,0.59,-1.75,32.23,-15.07,17.78,-17.28,233,-51,-13
[16:10:19] MPU,8898,-1.092,-0.939,1.428,-0.86,2.01,4.02,32.23,-1519,17.76,-17.30,232,-51,-12
[16:10:19] MPU,9025,-1.079,-0.934,1.429,0.12,0.81,1.13,32.21,-15.19,17.83,-16.62,234,-50,-11
[16:10:19] MPU,9127,-1.100,-0.946,1.430,-1.48,0.43,3.73,32.23,-15.29,17.80,-15.36,235,-47,-10
[16:10:19] MPU,9236,-1.082,-0.937,1.426,0.60,0.14,-1.27,32.24,-15.38,17.78,-14.58,237,-46,-8
[16:10:19] MPU,9345,-1.093,-0.944,1.428,-0.11,0.28,0.21,32.22,-15.47,17.80,-13.63,236,-44,-5
[16:10:19] MPU,9454,-1.086,-0.942,1.428,-0.13,0.27,0.14,32.24,-15.48,17.77,-12.78,236,-42,-4
[16:10:19] MPU,9563,-1.085,-0.943,1.429,0.19,0.14,0.25,32.22,-15.52,17.79,-12.05,235,-40,-3
[16:10:20] MPU,9672,-1.091,-0.943,1.430,-0.09,0.24,0.16,32.21,-15.52,17.77,-11.71,233,-39,-2
[16:10:20] [Telemetri] Arayüze Gönderildi: {'zaman_damgasi': 9672, 'irtifa': 0.0, 'hiz': 0.0, 'enlem': 0.0, 'boylam': 0.0, 'durum': 'NORMAL', 'zemin_rakimi': 0.0, 'ax': -1.091, 'ay': -0.943, 'az': 1.43, 'gx': -0.09, 'gy': 0.24, 'gz': 0.16, 'sicaklik': 32.21, 'roll': -15.52, 'pitch': 17.77, 'yaw': -11.71, 'mx': 233.0, 'my': -39.0, 'mz': -2.0}
[16:10:20] MPU,9772,-1.084,-0.942,1.432,0.05,0.22,0.26,32.21,-15.53,17.77,-11.00,231,-37,-1
[16:10:20] MPU,9903,-1.084,-0.947,1.427,0.03,0.24,0.17,32.22,-15.54,17.76,-10.57,230,-36,0
[16:10:20] MPU,10025,-1.088,-0.940,1.430,-0.04,0.23,0.20,32.20,-15.54,17.78,-9.90,229,-34,0
[16:10:20] MPU,10128,-1.087,-0.943,1.433,-0.02,0.37,0.17,32.21,-15.55,17.78,-9.80,225,-33,0
[16:10:20] MPU,10237,-1.086,-0.947,1.428,-0.07,0.28,0.16,32.21,-15.56,17.77,-9.88,224,-33,0
[16:10:20] MPU,10346,-1.085,-0.943,1.428,0.04,0.26,0.17,32.19,-15.56,17.77,-9.48,224,-32,0
[16:10:20] MPU,10455,-1.086,-0.942,1.49,-0.09,0.34,0.15,3218,-15.56,17.77,-9.55,223,-32,0
[16:10:20] MPU,10564,-1.084,-0.941,1.429,0.03,0.32,0.11,32.19,-15.56,17.77,-9.41,223,-32,1
[16:10:21] MPU,10673,-1.088,-0.943,1.429,0.05,0.24,0.23,32.17,-15.55,17.77,-9.41,223,-32,1
[16:10:21] [Telemetri] Arayüze Gönderildi: {'zaman_damgasi': 10673, 'irtifa': 0.0, 'hiz': 0.0, 'enlem': 0.0, 'boylam': 0.0, 'durum': 'NORMAL', 'zemin_rakimi': 0.0, 'ax': -1.088, 'ay': -0.943, 'az': 1.429, 'gx': 0.05, 'gy': 0.24, 'gz': 0.23, 'sicaklik': 32.17, 'roll': -15.55, 'pitch': 17.77, 'yaw': -9.41, 'mx': 223.0, 'my': -32.0, 'mz': 1.0}
[16:10:21] MPU,10782,-1.085,-0.947,1.429,-0.10,0.27,0.20,32.18,-15.56,17.76,-9.55,223,-32,0
[16:10:21] MPU,10902,-1.087,-0.946,1.430,0.04,0.30,0.17,32.17,-15.57,17.77,-9.42,223,-32,1
[16:10:21] MPU,11026,-1.086,-0.943,1.429,-0.05,0.28,0.23,32.16,-15.5,17.79,-9.57,223,-32,0
[16:10:21] MPU,11129,-1.088,-0.943,1.432,0.00,0.25,0.17,32.15,-15.56,17.80,-9.75,224,-33,1
[16:10:21] MPU,11238,-1.086,-0.944,1.431,-0.04,0.24,0.25,32.15,-15.56,17.78,-9.74,224,-33,1
[16:10:21] MPU,11346,-1.086,-0.944,1.428,0.02,0.32,0.21,32.17,-15.56,17.78,-9.81,225,-33,0
[16:10:21] MPU,11446,-1.086,-0.944,1.429,-0.01,0.22,0.20,32.16,-15.56,17.77,-9.80,225,-33,0
[16:10:21] MPU,11555,-1.086,-0.945,1.427,-0.01,0.26,0.21,32.15,-15.56,17.77,-9.73,226,-33,0
[16:10:22] MPU,11664,-1.084,-0.944,1.430,-0.01,0.28,0.21,32.15,-15.56,17.77,-9.66,227,-33,0
[16:10:22] [Telemetri] Arayüze Gönderildi: {'zaman_damgasi': 11664, 'irtifa': 0.0, 'hiz': 0.0, 'enlem': 0.0, 'boylam': 0.0, 'durum': 'NORMAL', 'zemin_rakimi': 0.0, 'ax': -1.084, 'ay': -0.944, 'az': 1.43, 'gx': -0.01, 'gy': 0.28, 'gz': 0.21, 'sicaklik': 32.15, 'roll': -15.56, 'pitch': 17.77, 'yaw': -9.66, 'mx': 227.0, 'my': -33.0, 'mz': 0.0}
[16:10:22] MPU,11772,-1.087,-0.945,1.429,-0.05,0.20,0.21,32.18,-15.56,17.76,-10.04,227,-34,0
[16:10:22] MPU,11904,-1.085,-0.946,1.429,-0.08,0.29,0.17,32.15,-15.57,17.76,-9.98,228,-34,0
[16:10:22] MPU,12026,-1.085,-0.946,1.431,-0.14,0.26,0.16,32.15,-15.59,17.78,-10.30,229,-35,0
[16:10:22] MPU,12130,-1.087,-0.945,1.432,0.04,0.31,0.20,32.14,-15.58,17.78,-9.91,229,-34,0
[16:10:22] MPU,12238,-1.084,-0.945,1.431,-0.02,0.22,0.22,32.13,-15.58,17.78,-10.29,229,-35,0
[16:10:22] MPU,12338,-1.086,-0.944,1.431,0.03,0.37,0.14,32.13,-15.58,17.76,-10.21,230,-35,0
[16:10:22] MPU,12446,-1.085,-0.945,1.430,-0.02,0.27,0.21,32.13,-15.57,17.76,-10.21,230,-35,0
[16:10:22] MPU,12546,-1.084,-0.945,1.425,-0.12,0.26,0.17,32.14,-15.57,17.75,-10.34,230,-35,-1
[16:10:23] MPU,12654,-1.085,-0.944,1.426,-0.04,0.23,0.27,32.12,-15.57,17.76,-10.64,231,-36,-1
[16:10:23] [Telemetri] Arayüze Gönderildi: {'zaman_damgasi': 12654, 'irtifa': 0.0, 'hiz': 0.0, 'enlem': 0.0, 'boylam': 0.0, 'durum': 'NORMAL', 'zemin_rakimi': 0.0, 'ax': -1.085, 'ay': -0.944, 'az': 1.426, 'gx': -0.04, 'gy': 0.23, 'gz': 0.27, 'sicaklik': 32.12, 'roll': -15.57, 'pitch': 17.76, 'yaw': -10.64, 'mx': 231.0, 'my': -36.0, 'mz': -1.0}
[16:10:23] MPU,12764,-1.087,-0.943,1.428,-0.03,0.23,0.22,32.13,-15.57,17.76,-10.72,230,-36,-1
[16:10:23] MPU,12904,-1.085,-0.946,1.429,-0.02,0.23,0.21,32.12,-15.57,17.76,-10.64,231,-36,-1
[16:10:23] MPU,13026,-1.086,-0.943,1.426,0.02,0.31,0.15,32.13,-15.57,17.78,-10.65,231,-36,-1
[16:10:23] MPU,13130,-1.086,-0.944,1.424,0.00,0.21,0.29,32.11,-15.58,17.78,-10.52,231,-36,0
[16:10:23] MPU,13230,-1.084,-0.944,1.431,0.02,0.33,0.25,32.10,-15.57,17.78,-10.72,230,-36,-1
[16:10:23] MPU,13338,-1.088,-0.945,1.431,-0.04,0.26,0.27,32.10,-15.57,17.77,-10.72,230,-36,-1
[16:10:23] MPU,13448,-1.086,-0.946,1.430,0.00,0.25,0.19,32.08,-15.57,17.77,-10.72,230,-36,-1
[16:10:23] MPU,13556,-1.087,-0.942,1.429,-0.01,0.26,0.21,32.08,-15.57,17.77,-10.59,230,-36,0
[16:10:24] MPU,13656,-1.086,-0.944,1.429,0.08,0.26,0.24,32.08,-15.57,17.77,-10.27,231,-35,-1
[16:10:24] [Telemetri] Arayüze Gönderildi: {'zaman_damgasi': 13656, 'irtifa': 0.0, 'hiz': 0.0, 'enlem': 0.0, 'boylam': 0.0, 'durum': 'NORMAL', 'zemin_rakimi': 0.0, 'ax': -1.086, 'ay': -0.944, 'az': 1.429, 'gx': 0.08, 'gy': 0.26, 'gz': 0.24, 'sicaklik': 32.08, 'roll': -15.57, 'pitch': 17.77, 'yaw': -10.27, 'mx': 231.0, 'my': -35.0, 'mz': -1.0}
[16:10:24] MPU,13764,-1.088,-0.942,1.431,0.02,0.27,0.13,32.07,-15.57,17.77,-10.72,230,-36,-1
[16:10:24] MPU,13905,-1.087,-0.944,1.430,0.07,0.26,0.26,32.09,-15.56,17.78,-10.65,231,-36,-1
[16:10:24] MPU,14026,-1.088,-0.943,1.429,-0.04,0.25,0.20,32.06,-15.56,17.81,-10.15,231,-35,0
[16:10:24] MPU,14131,-1.086,-0.945,1.428,0.05,0.26,0.24,32.06,-15.57,17.79,-1035,230,-35,-1
[16:10:24] MPU,14240,-1.087,-0.945,1.429,-0.02,0.27,0.22,32.06,-15.57,17.78,-10.59,230,-36,0
[16:10:24] MPU,14349,-1.086,-0.942,1.428,-0.01,0.26,0.19,32.05,-15.57,17.77,-10.64,231,-36,-1
[16:10:24] MPU,14458,-1.085,-0.944,1.430,-0.01,0.29,0.19,32.05,-15.56,17.76,-10.27,231,-35,-1
[16:10:24] MPU,14567,-1.084,-0.944,1.430,0.02,0.30,0.26,32.04,-15.56,17.77,-10.51,231,-36,0
[16:10:25] MPU,14675,-1.088,-0.944,1.427,-0.06,0.28,0.23,32.03,-15.56,17.76,-10.71,230,-36,-1
[16:10:25] [Telemetri] Arayüze Gönderildi: {'zaman_damgasi': 14675, 'irtifa': 0.0, 'hiz': 0.0, 'enlem': 0.0, 'boylam': 0.0, 'durum': 'NORMAL', 'zemin_rakimi': 0.0, 'ax': -1.088, 'ay': -0.944, 'az': 1.427, 'gx': -0.06, 'gy': 0.28, 'gz': 0.23, 'sicaklik': 32.03, 'roll': -15.56, 'pitch': 17.76, 'yaw': -10.71, 'mx': 230.0, 'my': -36.0, 'mz': -1.0}
[16:10:25] MPU,14775,-1.086,-0.945,1.427,0.00,0.20,0.23,32.05,-15.56,17.77,-10.21,230,-35,0
[16:10:25] MPU,14906,-1.085,-0.945,1.429,0.07,0.22,0.17,32.05,-15.57,17.76,-10.58,230,-36,0
[16:10:25] MPU,15026-1.087,-0.943,1.432,-0.01,0.26,0.21,32.02,-15.57,17.78,-10.28,231,-35,-1
[16:10:25] MPU,15132,-1.087,-0.945,1.432,-0.03,0.20,0.24,32.04,-15.57,17.78,-10.73,230,-36,-1
[16:10:25] MPU,15241,-1.085,-0.945,1.433,-0.06,0.24,0.17,32.02,-15.57,17.77,-10.65,231,-36,-1
[16:10:25] MPU,15349,-1.085,-0.946,1.430,-0.05,0.23,0.21,32.02,-15.58,17.76,-10.72,230,-36,-1
[16:10:25] MPU,15449,-1.085,-0.94,1.429,0.05,0.18,0.21,32.03,-15.57,17.76,-10.21,230,-35,0
[16:10:25] MPU,15558,-1.086,-0.945,1.430,0.05,0.23,0.22,32.01,-15.57,17.76,-10.72,230,-36,-1
[16:10:26] MPU,15667,-1.086,-0.944,1.427,0.13,0.17,0.21,32.01,-15.57,17.76,-10.72,230,-36,-1
[16:10:26] [Telemetri] Arayüze Gönderildi: {'zaman_damgasi': 15667, 'irtifa': 0.0, 'hiz': 0.0, 'enlem': 0.0, 'boylam': 0.0, 'durum': 'NORMAL', 'zemin_rakimi': 0.0, 'ax': -1.086, 'ay': -0.944, 'az': 1.427, 'gx': 0.13, 'gy': 0.17, 'gz': 0.21, 'sicaklik': 32.01, 'roll': -15.57, 'pitch': 17.76, 'yaw': -10.72, 'mx': 230.0, 'my': -36.0, 'mz': -1.0}
[16:10:26] MPU,15776,-1.086,-0.944,1.428,-0.08,0.26,0.21,32.01,-15.57,17.76,-10.51,231,-36,0
[16:10:26] MPU,15906,-1.084,-0.945,1.431,0.04,0.26,0.22,31.99,-15.57,17.76,-10.27,231,-35,-1
[16:10:26] MPU,16026,-1.087,-0.943,1.43,0.08,0.32,0.14,32.00,-15.56,7.79,-10.52,231,-36,0
[16:10:26] MPU,16133,-1.088,-0.946,1.428,-0.06,0.27,0.16,32.00,-15.57,17.79,-10.66,231,-36,-1
[16:10:26] MPU,16241,-1.086,-0.944,1.431,-0.01,0.25,0.18,31.98,-15.56,17.78,-10.65,231,-36,-1
[16:10:26] MPU,16351,-1.086,-0.945,1.430,0.06,0.26,0.18,31.98,-15.56,17.78,-11.02,231,-37,-1
[16:10:26] MPU,16459,-1.086,-0.945,1.432,0.01,0.31,0.08,31.98,-15.57,17.77,-11.15,231,-37,-2
[16:10:26] MPU,16559,-1.087,-0.944,1.431,0.00,0.25,0.22,31.98,-15.57,17.77,-11.44,232,-38,-2
[16:10:27] MPU,16667,-1.085,-0.944,1.428,0.04,0.24,0.18,31.97,-15.57,17.77,-11.00,233,-37,-2
[16:10:27] [Telemetri] Arayüze Gönderildi: {'zaman_damgasi': 16667, 'irtifa': 0.0, 'hiz': 0.0, 'enlem': 0.0, 'boylam': 0.0, 'durum': 'NORMAL', 'zemin_rakimi': 0.0, 'ax': -1.085, 'ay': -0.944, 'az': 1.428, 'gx': 0.04, 'gy': 0.24, 'gz': 0.18, 'sicaklik': 31.97, 'roll': -15.57, 'pitch': 17.77, 'yaw': -11.0, 'mx': 233.0, 'my': -37.0, 'mz': -2.0}
[16:10:27] MPU,16777,-1.087,-0.944,1.430,0.03,0.26,0.26,31.98,-15.57,17.77,-11.36,233,-38,-2
[16:10:27] MPU,16908,-1.086,-0.946,1.430,-0.05,0.23,0.21,31.95,-15.57,17.77,-11.29,234,-38,-2
[16:10:27] MPU,17026,-1.088,-0.947,1.427,0.02,0.26,0.17,31.94,-15.57,17.80,-11.66,234,-39,-2
[16:10:27] MPU,17133,-1.086,-0.946,1.427,-0.01,0.23,0.20,31.95,-15.57,17.79,-12.07,235,-40,-3
[16:10:27] MPU,17243,-1.087,-0.945,1.429,-0.01,0.27,0.23,31.94,-15.57,17.79,-12.07,235,-40,-3
[16:10:27] MPU,17351,-1.088,-0.946,1.430,0.02,0.27,0.19,31.95,-15.58,17.78,-12.56,235,-41,-4
[16:10:27] MPU,17451,-1.087,-0.943,1.433,0.01,0.21,0.21,31.93,-15.57,17.77,-12.55,235,-41,-4
[16:10:27] MPU,17559,-1.088,-0.944,1.428,0.00,0.23,0.21,31.93,-15.56,17.77,-12.82,236,-42,-4
[16:10:28] MPU,17669,-1.085,-0.946,1.431,0.01,0.19,0.22,31.93,-15.57,17.77,-12.95,236,-42,-5
[16:10:28] [Telemetri] Arayüze Gönderildi: {'zaman_damgasi': 17669, 'irtifa': 0.0, 'hiz': 0.0, 'enlem': 0.0, 'boylam': 0.0, 'durum': 'NORMAL', 'zemin_rakimi': 0.0, 'ax': -1.085, 'ay': -0.946, 'az': 1.431, 'gx': 0.01, 'gy': 0.19, 'gz': 0.22, 'sicaklik': 31.93, 'roll': -15.57, 'pitch': 17.77, 'yaw': -12.95, 'mx': 236.0, 'my': -42.0, 'mz': -5.0}
[16:10:28] MPU,17777,-1.085,0.945,1.429,0.02,0.20,0.18,31.92,-15.57,17.77,-13.31,236,-43,-5
[16:10:28] MPU,17912,-1.085,-0.945,1.427,0.03,0.29,0.18,31.92,-15.57,17.76,-13.44,236,-43,-6
[16:10:28] MPU,18033,-1.088,-0.943,1.433,0.05,0.20,0.21,31.92,-15.57,17.78,-14.14,236,-45,-6
[16:10:28] MPU,18135,-1.084,-0.943,1.427,0.00,0.20,0.21,31.91,-15.57,17.78,-14.67,237,-46,-8
[16:10:28] MPU,18243,-1.088,-0.945,1.430,1.99,0.28,0.40,31.91,-15.56,17.78,-15.10,236,-47,-8
[16:10:28] MPU,18352,-1.086,-0.942,1.430,0.43,0.23,0.21,31.89,-15.55,17.77,-15.82,235,-48,-10
[16:10:28] MPU,18461,-1.085,-0.945,1.425,0.08,0.21,0.21,31.89,-15.56,17.76,-16.30,235,-49,-11
[16:10:28] MPU,18561,-1.086,-0.944,1.430,-0.01,0.21,0.24,31.87,-15.5517.77,-16.89,234,-50,-12
[16:10:29] MPU,18669,-1.086,-0.945,1.428,-0.04,0.22,0.19,31.87,-15.56,17.76,-17.84,233,-52,-13
[16:10:29] [Telemetri] Arayüze Gönderildi: {'zaman_damgasi': 18669, 'irtifa': 0.0, 'hiz': 0.0, 'enlem': 0.0, 'boylam': 0.0, 'durum': 'NORMAL', 'zemin_rakimi': 0.0, 'ax': -1.086, 'ay': -0.945, 'az': 1.428, 'gx': -0.04, 'gy': 0.22, 'gz': 0.19, 'sicaklik': 31.87, 'roll': -15.56, 'pitch': 17.76, 'yaw': -17.84, 'mx': 233.0, 'my': -52.0, 'mz': -13.0}
[16:10:29] MPU,18779,-1.087,-0.947,1.432,-0.02,0.22,0.20,31.86,-15.56,17.76,-18.22,231,-52,-14
[16:10:29] MPU,18892,-1.085,-0.946,1.427,-0.01,0.21,0.18,31.87,-15.57,17.76,-18.84,230,-53,-15
[16:10:29] MPU,19025,-1.087,-0.946,1.429,0.01,0.30,0.22,31.86,-15.57,17.79,-19.12,229,-53,-16
[16:10:29] MPU,19125,-1.085,-0.944,1.429,0.04,0.30,0.16,31.84,-15.56,17.79,-19.47,229,-54,-16
[16:10:29] MPU,19234,-1.087,-0.944,1.428,0.05,0.24,0.19,31.85,-15.57,17.78,-19.60,228,-54,-16
[16:10:29] MPU,19334,-1.086,-0.944,1.431,-0.08,0.26,0.16,31.84,-15.56,17.78,-19.59,228,-54,-16
[16:10:29] MPU,19442,-1.085,-0.943,1.428,0.01,0.20,0.23,31.84,-15.57,17.78,-19.32,229,-54,-15
[16:10:29] MPU,19542,-1.087,-0.947,1.428,-0.10,0.23,0.28,31.84,-15.59,17.77,-18.85,230,-53,-15
[16:10:29] MPU,19650,-1.085,-0.945,1.432,-0.19,0.26,0.21,31.82,-15.59,17.76,-18.93,231,-54,-14
[16:10:30] [Telemetri] Arayüze Gönderildi: {'zaman_damgasi': 19650, 'irtifa': 0.0, 'hiz': 0.0, 'enlem': 0.0, 'boylam': 0.0, 'durum': 'NORMAL', 'zemin_rakimi': 0.0, 'ax': -1.085, 'ay': -0.945, 'az': 1.432, 'gx': -0.19, 'gy': 0.26, 'gz': 0.21, 'sicaklik': 31.82, 'roll': -15.59, 'pitch': 17.76, 'yaw': -18.93, 'mx': 231.0, 'my': -54.0, 'mz': -14.0}
[16:10:30] MPU,19760,-1.088,-0.947,1.429,0.08,0.17,0.24,31.84,-15.60,17.77,-17.98,232,-52,-13
[16:10:30] MPU,19885,-1.087,-0.944,1.429,-0.04,0.28,0.18,31.82,-15.58,17.77,-17.50,233,-51,-13
[16:10:30] MPU,20019,-1.085,-0.945,1.429,0.01,0.21,0.19,31.82,-15.58,17.78,-17.37,233,-51,-12
[16:10:30] MPU,20126,-1.085,-0.946,1.429,0.01,0.22,0.19,31.82,-15.58,17.79,-17.03,233,-50,-12
[16:10:30] MPU,20226,-1.085,-0.947,1.427,-0.02,0.21,0.17,31.82,-15.59,17.78,-17.02,233,-50,-12
[16:10:30] MPU,20334,-1.086,-0.945,1.431,0.02,0.27,0.18,31.80,-15.59,17.77,-17.25,234,-51,-12
[16:10:30] MPU,20444,-1.086,-0.944,1.426,0.03,0.21,0.15,31.79,-15.59,17.77,-17.71,233,-52,-12
[16:10:30] MPU,20552,-1.086,-0.946,1.428,-0.03,0.21,0.18,31.78,-15.59,17.76,-17.97,232,-2,-13
[16:10:30] MPU,20652,-1.087,-0.945,1.428,-0.01,0.26,0.22,31.79,-15.58,17.77,-18.58,231,-53,-14
[16:10:31] [Telemetri] Arayüze Gönderildi: {'zaman_damgasi': 20652, 'irtifa': 0.0, 'hiz': 0.0, 'enlem': 0.0, 'boylam': 0.0, 'durum': 'NORMAL', 'zemin_rakimi': 0.0, 'ax': -1.087, 'ay': -0.945, 'az': 1.428, 'gx': -0.01, 'gy': 0.26, 'gz': 0.22, 'sicaklik': 31.79, 'roll': -15.58, 'pitch': 17.77, 'yaw': -18.58, 'mx': 231.0, 'my': -53.0, 'mz': -14.0}
[16:10:31] MPU,20760,-1.087,-0.947,1.431,-0.02,0.29,0.14,3178,-15.59,17.77,-18.97,229,-53,-15
[16:10:31] MPU,20901,-1.086,-0.946,1.428,0.02,0.20,0.19,31.78,-15.59,17.77,-19.25,228,-53,-16
[16:10:31] MPU,21032,-1.088,-0.945,1.432,-0.03,0.23,0.18,31.77,-15.59,17.79,-19.52,226,-53,-16
[16:10:31] MPU,21137,-1.085,-0945,1.428,0.05,0.22,0.24,31.77,-15.59,17.79,-19.81,225,-53,-17
[16:10:31] MPU,21246,-1.085,-0.945,1.430,-0.05,0.27,0.21,31.77,-15.58,17.77,-20.29,224,-54,-17
[16:10:31] MPU,21355,-1.086,-0.945,1.429,-0.01,0.22,0.22,31.77,-15.58,17.77,-20.16,225,-54,-17
[16:10:31] MPU,21465,-1.085,-0.945,1.428,-0.03,0.23,0.21,31.6,-15.58,17.78,-19.94,224,-53,-17
[16:10:31] MPU,21573,-1.086,-0.945,1.430,-0.06,0.23,0.18,31.76,-15.58,17.77,-20.15,225,-54,-17
[16:10:32] MPU,21683,-1.088,-0.945,1.430,0.01,0.19,0.18,31.74,-15.58,17.77,-20.15,225,-54,-17
[16:10:32] [Telemetri] Arayüze Gönderildi: {'zaman_damgasi': 21683, 'irtifa': 0.0, 'hiz': 0.0, 'enlem': 0.0, 'boylam': 0.0, 'durum': 'NORMAL', 'zemin_rakimi': 0.0, 'ax': -1.088, 'ay': -0.945, 'az': 1.43, 'gx': 0.01, 'gy': 0.19, 'gz': 0.18, 'sicaklik': 31.74, 'roll': -15.58, 'pitch': 17.77, 'yaw': -20.15, 'mx': 225.0, 'my': -54.0, 'mz': -17.0}
[16:10:32] MPU,21791,-1.088,-0.944,1.432,0.00,0.20,0.21,31.76,-15.58,17.76,-19.65,226,-53,-17
[16:10:32] MPU,21902,-1.087,-0.947,1.430,0.02,0.21,0.19,31.74,-15.58,17.77,-19.66,226,-53,-17
[16:10:32] MPU,22033,-1.087,-0.947,1.430,0.02,0.23,0.27,31.74,-15.58,17.79,-19.74,227,-54,-16
[16:10:32] MPU,22138-1.084,-0.945,1.428,-0.01,0.28,0.24,31.71,-15.58,17.78,-18.85,230,-53,-15
[16:10:32] MPU,22238,-1.087,-0.944,1.428,0.02,0.21,0.21,31.72,-15.58,17.78,-18.58,231,-53,-14
[16:10:32] MPU,22346,-1.087,-0.946,1.427,-0.12,0.22,0.21,31.72,-15.58,17.77,-17.97,232,-52,-13
[16:10:32] MPU,22446,-1.086,-0.947,1.430,-0.01,0.24,0.18,31.72,-15.58,17.76,-17.50,233,-51,-13
[16:10:32] MPU,22554,-1.086,-0.97,1.432,0.02,0.30,0.21,31.72,-15.59,17.77,-16.91,234,-50,-12
[16:10:33] MPU,22664,-1.87,-0.944,1.428,-0.11,0.22,0.15,31.72,-15.58,17.77,-16.42,234,-49,-11
[16:10:33] [Telemetri] Arayüze Gönderildi: {'zaman_damgasi': 22664, 'irtifa': 0.0, 'hiz': 0.0, 'enlem': 0.0, 'boylam': 0.0, 'durum': 'NORMAL', 'zemin_rakimi': 0.0, 'ax': -1.87, 'ay': -0.944, 'az': 1.428, 'gx': -0.11, 'gy': 0.22, 'gz': 0.15, 'sicaklik': 31.72, 'roll': -15.58, 'pitch': 17.77, 'yaw': -16.42, 'mx': 234.0, 'my': -49.0, 'mz': -11.0}
[16:10:33] MPU,22772,-1.087,-0.945,1.430,-0.01,0.23,0.21,31.72,-15.59,17.77,-16.31,235,-49,-11
[16:10:33] MPU,22903,-1.087,-0.945,1.431,0.02,0.23,0.18,31.72,-15.59,17.77,-15.83,235,-48,-10
[16:10:33] MPU,23037,-1.086,-0.946,1.430,0.00,0.20,0.16,31.71,-15.59,17.79,-15.84,235,-48,-10
[16:10:33] MPU,23139,-1.086,-0.944,1.427,0.01,0.23,0.17,31.71,-15.58,17.78,-15.84,235,-48,-10
[16:10:33] MPU,23248,-1.087,-0.946,1.32,0.01,0.22,0.17,31.69,-15.58,17.77,-15.59,234,-47,-10
[16:10:33] MPU,23348,-1.087,-0.944,1.429,0.02,0.22,0.19,31.68,-15.58,17.77,-15.35,235,-47,-9
[16:10:33] MPU,23456,-1.086,-0.946,1.430,-0.02,0.23,0.20,31.68,-15.59,17.77,-15.48,235,-47,-10
[16:10:33] MPU,23556,-1.086,-0.946,1.431,-0.01,0.28,0.15,31.69,-15.58,17.77,-15.35,235,-47,-9
[16:10:34] MPU,23664,-1.085,-0.946,1.432,0.04,0.22,0.21,31.67,-15.58,17.76,-15.48,235,-47,-10
[16:10:34] [Telemetri] Arayüze Gönderildi: {'zaman_damgasi': 23664, 'irtifa': 0.0, 'hiz': 0.0, 'enlem': 0.0, 'boylam': 0.0, 'durum': 'NORMAL', 'zemin_rakimi': 0.0, 'ax': -1.085, 'ay': -0.946, 'az': 1.432, 'gx': 0.04, 'gy': 0.22, 'gz': 0.21, 'sicaklik': 31.67, 'roll': -15.58, 'pitch': 17.76, 'yaw': -15.48, 'mx': 235.0, 'my': -47.0, 'mz': -10.0}
[16:10:34] MPU,23774,-1.087,-0.946,1.431,0.08,0.26,0.24,31.67,-15.58,17.77,-15.34,235,-47,-9
[16:10:34] MPU,23905,-1.086,-0.944,1.429,0.04,0.24,0.24,31.67,-15.57,17.77,-14.85,235,-46,-8
[16:10:34] MPU,24025,-1.086,-0.945,1.429,-0.04,0.25,0.21,31.68,-15.57,17.79,-14.51,235,-45,-8
[16:10:34] MPU,24130,-1.085,-0.945,1.49,0.04,0.26,0.15,31.66,-15.57,17.78,-14.86,235,-46,-8
[16:10:34] MPU,24240,-1.087,-0.947,1.429,-0.03,0.30,0.17,31.67,-15.57,17.77,-15.44,234,-47,-9
[16:10:34] MPU,24348,-1.086,-0.946,1.429,0.01,0.23,0.15,31.66,-15.57,17.77,-15.48,235,-47,-10
[16:10:34] MPU,24448,-1.085,-0.946,1.430,-0.05,0.27,0.21,31.64,-15.58,17.77,-16.07,234,-48,-11
[16:10:34] MPU,24557,-1.087,-0.947,1.31,0.00,0.26,0.21,31.65,-15.58,17.77,-17.02,233,-50,-12
[16:10:35] MPU,24666,-1.087,-0.946,1.427,0.00,0.26,0.20,31.64,-15.58,17.77,-18.23,231,-52,-14
[16:10:35] [Telemetri] Arayüze Gönderildi: {'zaman_damgasi': 24666, 'irtifa': 0.0, 'hiz': 0.0, 'enlem': 0.0, 'boylam': 0.0, 'durum': 'NORMAL', 'zemin_rakimi': 0.0, 'ax': -1.087, 'ay': -0.946, 'az': 1.427, 'gx': 0.0, 'gy': 0.26, 'gz': 0.2, 'sicaklik': 31.64, 'roll': -15.58, 'pitch': 17.77, 'yaw': -18.23, 'mx': 231.0, 'my': -52.0, 'mz': -14.0}
[16:10:35] MPU,24775,-1.086,-0.945,1.431,-0.03,0.20,0.20,31.65,-15.58,17.77,-18.64,230,-52,-16
[16:10:35] MPU,24906,-1.087,-0.945,1.430,0.00,0.20,0.19,31.65,-15.58,17.77,-19.12,229,-53,-16
[16:10:35] MPU,25025,-1.087,-0.947,1.430,-0.06,0.23,0.25,31.64,-15.59,17.79,-19.54,227,-53,-17
[16:10:35] MPU,25132,-1.085,-0.943,1.428,0.02,0.28,0.20,31.63,-15.58,17.78,-19.52,226,-53,-16
[16:10:35] MPU,25241,-1.084,-0.946,1.430,0.02,0.27,0.17,31.62,-15.58,17.78,-19.38,227,-53,-16
[16:10:35] MPU,25350,-1.087,-0.944,1.429,0.02,0.25,0.22,31.62,-15.59,17.77,-19.66,226,-53,-17
[16:10:35] MPU,25459,-1.084,-0.944,1.429,0.08,0.23,0.24,31.62,-15.59,17.77,-19.40,228,-53,-17
[16:10:35] MPU,25568,-1.084,-0.946,1.426,0.02,0.24,0.18,31.61,-15.59,17.77,-18.99,230,-53,-16
[16:10:36] MPU,25677,-1.087,-0.943,1.428,0.01,0.27,0.17,31.61,-15.58,17.77,-18.23,231,-52,-14
[16:10:36] [Telemetri] Arayüze Gönderildi: {'zaman_damgasi': 25677, 'irtifa': 0.0, 'hiz': 0.0, 'enlem': 0.0, 'boylam': 0.0, 'durum': 'NORMAL', 'zemin_rakimi': 0.0, 'ax': -1.087, 'ay': -0.943, 'az': 1.428, 'gx': 0.01, 'gy': 0.27, 'gz': 0.17, 'sicaklik': 31.61, 'roll': -15.58, 'pitch': 17.77, 'yaw': -18.23, 'mx': 231.0, 'my': -52.0, 'mz': -14.0}
[16:10:36] MPU,25786,-1.086,-0.944,1.428,-0.05,0.26,0.17,31.60,-15.58,17.77,-17.16,233,-50,-13
[16:10:36] MPU,25908,-1.086,-0.945,1.431,0.06,0.25,0.19,31.59,-15.58,17.77,-16.42,234,-49,-11
[16:10:36] MPU,26024,-1.086,-0.948,1.430,0.03,0.25,0.22,31.59,-15.58,17.79,-15.36,235,-47,-9
[16:10:36] MPU,26133,-1.088,-0.945,1.431,-0.02,0.26,0.21,31.60,-15.58,17.79,-13.94,236,-44,-7
[16:10:36] MPU,26243,-1.087,-0.946,1.431,-0.01,0.20,0.21,31.57,-15.58,17.78,-13.54,235,-43,-6
[16:10:36] MPU,26351,-1.086,-0.944,1.430,0.04,0.26,0.25,31.58,-15.58,17.78,-13.18,235,-42,-6
[16:10:36] MPU,26461,-1.086,-0.947,1.430,-0.01,0.25,0.24,31.57,-15.58,17.77,-12.78,234,-41,-5
[16:10:36] MPU,26569,-1.087,-0.946,1.431,-0.01,0.24,0.24,31.56,-15.58,17.77,-12.28,234,-40,-4
[16:10:37] MPU,26669,-1.086,-0.943,1.27,0.00,0.23,0.17,31.5,-15.59,17.77,-12.15,234,-40,-3
[16:10:37] [Telemetri] Arayüze Gönderildi: {'zaman_damgasi': 26669, 'irtifa': 0.0, 'hiz': 0.0, 'enlem': 0.0, 'boylam': 0.0, 'durum': 'NORMAL', 'zemin_rakimi': 0.0, 'ax': -1.086, 'ay': -0.943, 'az': 1.27, 'gx': 0.0, 'gy': 0.23, 'gz': 0.17, 'sicaklik': 31.5, 'roll': -15.59, 'pitch': 17.77, 'yaw': -12.15, 'mx': 234.0, 'my': -40.0, 'mz': -3.0}
[16:10:37] MPU,26777,-1.085,-0.945,1.431,-0.01,0.27,0.22,31.55,-15.58,17.77,-11.87,233,-39,-3
[16:10:37] MPU,26915,-1.086,-0.948,1.428,-0.02,0.22,0.18,31.54,-15.59,17.77,-11.37,233,-38,-2
[16:10:37] MPU,27026,-1.087,-0.945,1.429,0.06,0.23,0.24,31.55,-15.59,17.79,-11.01,233,-37,-2
[16:10:37] MPU,27134,-1.088,-0.945,1.430,0.01,0.26,0.17,31.55,-15.58,17.79,-10.66,231,-36,-1
[16:10:37] MPU,27234,-1.087,-0.947,1.431,-0.04,0.33,0.19,31.54,-15.59,17.79,-10.74,230,-36,-1
[16:10:37] MPU,27342,-1.087,-0.946,1.430,0.06,0.20,0.17,31.52,-15.59,17.77,-10.35,230,-35,-1
[16:10:37] MPU,27442,-1.086,-0.945,1.428,0.05,0.21,0.18,31.53,-15.59,17.77,-10.43,229,-35,-1
[16:10:37] MPU,27551,-1.087,-0.946,1.429,0.00,0.20,0.24,31.51,-15.58,17.77,-10.42,229,-35,-1
[16:10:38] MPU,27660,-1.087,-0.943,1.429,0.04,0.24,0.17,31.50,-15.58,17.77,-10.11,228,-34,-1
[16:10:38] [Telemetri] Arayüze Gönderildi: {'zaman_damgasi': 27660, 'irtifa': 0.0, 'hiz': 0.0, 'enlem': 0.0, 'boylam': 0.0, 'durum': 'NORMAL', 'zemin_rakimi': 0.0, 'ax': -1.087, 'ay': -0.943, 'az': 1.429, 'gx': 0.04, 'gy': 0.24, 'gz': 0.17, 'sicaklik': 31.5, 'roll': -15.58, 'pitch': 17.77, 'yaw': -10.11, 'mx': 228.0, 'my': -34.0, 'mz': -1.0}
[16:10:38] MPU,27769,-1.085,-0.945,1.427,0.02,0.20,0.19,31.50,-15.59,17.77,-10.43,229,-35,-1
[16:10:38] MPU,27888,-1.085,-0.946,1.432,-0.01,0.24,0.24,31.51,-15.59,17.77,-10.05,229,-34,-1
[16:10:38] MPU,28021,1.085,-0.946,1.431,0.01,0.26,0.24,31.50,-15.58,17.79,-10.73,230,-36,-1
[16:10:38] MPU,28126,-1.086,-0.947,1.429,-0.02,0.26,0.21,31.50,-15.58,17.79,-11.01,233,-37,-2
[16:10:38] MPU,28235,-1.085,-0.948,1.431,-0.02,0.22,0.17,31.51,-15.59,17.78,-11.79,234,-39,-3
[16:10:38] MPU,28344,-1.084,-0.945,1.431,-0.05,0.22,0.22,31.51,-15.59,17.77,-12.56,235,-41,-4
[16:10:38] MPU,28453,-1.087,-0.947,1.431,-0.01,0.26,0.24,31.50,-15.58,17.77,-13.45,236,-43,-6
[16:10:38] MPU,28562,-1.085,-0.946,1.431,0.00,0.26,0.23,31.49,-15.58,17.77,-13.93,236,-44,-7
[16:10:39] MPU,28672,-1.086,-0.946,1.433,0.03,0.27,0.18,31.49,-15.59,17.77,-14.77,236,-46,-8
[16:10:39] [Telemetri] Arayüze Gönderildi: {'zaman_damgasi': 28672, 'irtifa': 0.0, 'hiz': 0.0, 'enlem': 0.0, 'boylam': 0.0, 'durum': 'NORMAL', 'zemin_rakimi': 0.0, 'ax': -1.086, 'ay': -0.946, 'az': 1.433, 'gx': 0.03, 'gy': 0.27, 'gz': 0.18, 'sicaklik': 31.49, 'roll': -15.59, 'pitch': 17.77, 'yaw': -14.77, 'mx': 236.0, 'my': -46.0, 'mz': -8.0}
[16:10:39] MPU,28780,-1.087,-0.948,1.433,0.01,0.24,0.21,31.48,-15.59,17.77,-15.25,236,-47,-9
[16:10:39] MPU,28902,-1.087,-0.945,1.428,-0.05,0.23,0.17,31.48,-15.59,17.77,-15.94,234,-48,-10
[16:10:39] MPU,29025,-1.086,-0.946,1.429,-0.03,0.23,0.18,31.48,-15.59,17.79,-16.09,234,-48,-11
[16:10:39] MPU,29127,-1.086,-0.945,1.430,0.03,0.23,0.20,31.47,-15.59,17.79,-1703,233,-50,-12
[16:10:39] MPU,29227,-1.085,-0.946,1.429,-0.01,0.26,0.21,31.46,-15.59,17.78,-17.03,233,-50,-12
[16:10:39] MPU,29335,-1.086,-0.946,1.431,0.0,0.26,0.18,31.46,-15.59,17.77,-17.16,233,-50,-13
[16:10:39] MPU,29445,-1.085,-0.945,1.429,-0.05,0.27,0.20,31.46,-15.59,17.76,-17.27,232,-50,-13
[16:10:39] MPU,29553,-1.084,-0.944,1.430,0.03,0.27,0.25,31.46,-15.58,17.76,-17.27,232,-50,-13
[16:10:40] MPU,29663,-1.086,-0.947,1.426,0.03,0.24,0.21,31.45,-15.59,17.76,-17.27,232,-50,-13
[16:10:40] [Telemetri] Arayüze Gönderildi: {'zaman_damgasi': 29663, 'irtifa': 0.0, 'hiz': 0.0, 'enlem': 0.0, 'boylam': 0.0, 'durum': 'NORMAL', 'zemin_rakimi': 0.0, 'ax': -1.086, 'ay': -0.947, 'az': 1.426, 'gx': 0.03, 'gy': 0.24, 'gz': 0.21, 'sicaklik': 31.45, 'roll': -15.59, 'pitch': 17.76, 'yaw': -17.27, 'mx': 232.0, 'my': -50.0, 'mz': -13.0}
[16:10:40] MPU,29771,-1.084,-0.944,1.428,0.02,0.27,0.20,31.47,-15.59,17.76,-17.15,233,-50,-13
[16:10:40] MPU,29902,-1.084,-0.945,1.430,-0.04,0.23,0.17,31.44,-15.59,17.75,-16.55,234,-49,-12
[16:10:40] MPU,30025,-1.086,-0.948,1.432,-0.01,0.23,0.23,31.45,-15.59,17.77,-16.43,234,-49,-11
[16:10:40] MPU,30129,-1.086,-0.946,1.430,0.00,0.23,0.18,31.44,-15.59,17.78,-15.49,235,-47,-10
[16:10:40] MPU,30237,-1.086,-0.947,1.430,0.02,0.6,0.21,31.42,-15.59,17.78,-15.01,235,-46,-9
[16:10:40] MPU,30337,-1.085,-0.945,1.431,0.01,0.26,0.18,31.44,-15.59,17.77,-14.38,235,-45,-7
[16:10:40] MPU,30446,-1.086,-0.945,1.431,-0.03,0.26,0.18,31.41,-15.59,17.77,-13.45,236,-43,-6
[16:10:40] MPU,30555,-1.084,-0.947,1.430,-0.01,0.22,0.19,31.43,-15.59,17.76,-12.69,235,-41,-5
[16:10:41] MPU,30664,-1.086,-0.946,1.428,0.01,0.26,0.20,31.42,-15.59,17.75,-11.87,233,-39,-3
[16:10:41] [Telemetri] Arayüze Gönderildi: {'zaman_damgasi': 30664, 'irtifa': 0.0, 'hiz': 0.0, 'enlem': 0.0, 'boylam': 0.0, 'durum': 'NORMAL', 'zemin_rakimi': 0.0, 'ax': -1.086, 'ay': -0.946, 'az': 1.428, 'gx': 0.01, 'gy': 0.26, 'gz': 0.2, 'sicaklik': 31.42, 'roll': -15.59, 'pitch': 17.75, 'yaw': -11.87, 'mx': 233.0, 'my': -39.0, 'mz': -3.0}
[16:10:41] MPU,30773,-1.085,-0.944,1.427,-0.02,0.26,0.22,31.41,-15.60,17.76,-11.00,233,-37,-2
[16:10:41] MPU,30904,-1.086,-0.947,1.430,0.05,0.25,0.23,31.44,-15.59,17.76,-10.28,231,-35,-1
[16:10:41] MPU,31026,-1.087,-0.947,1.430,-0.09,0.30,0.24,31.42,-15.60,17.79,-9.69,227,-33,0
[16:10:41] MPU,31130,-1.085,-0.949,1.428,-0.01,0.23,0.19,31.3,-15.60,17.78,-9.58,223,-32,0
[16:10:41] MPU,31239,-1.085,-0.946,1.430,0.05,0.25,0.18,31.39,-15.60,17.78,-9.39,222,-31,-1
[16:10:41] MPU,31348,-1.086,-0.945,1.431,-0.04,0.28,0.25,31.40,-15.59,17.77,-9.52,220,-31,-1
[16:10:41] MPU,31457,-1.088,-0.946,1.429,0.03,0.26,0.19,31.39,-15.59,17.77,-9.52,220,-31,-1
[16:10:41] MPU,31566,-1.086,-0.948,1.433,-0.01,0.21,0.23,31.38,-15.59,17.77,-9.52,220,-31,-1
[16:10:42] MPU,31675,-1.088,-0.950,1.430,0.10,0.27,0.21,31.39,-15.59,17.77,-9.31,221,-31,0
[16:10:42] [Telemetri] Arayüze Gönderildi: {'zaman_damgasi': 31675, 'irtifa': 0.0, 'hiz': 0.0, 'enlem': 0.0, 'boylam': 0.0, 'durum': 'NORMAL', 'zemin_rakimi': 0.0, 'ax': -1.088, 'ay': -0.95, 'az': 1.43, 'gx': 0.1, 'gy': 0.27, 'gz': 0.21, 'sicaklik': 31.39, 'roll': -15.59, 'pitch': 17.77, 'yaw': -9.31, 'mx': 221.0, 'my': -31.0, 'mz': 0.0}
[16:10:42] MPU,31784,-1.086,-0.946,1.435,0.12,0.27,0.20,31.37,-15.58,17.77,-9.23,222,-31,
[16:10:42] Ayrıştırma Hatası: could not convert string to float: ''
[16:10:42] MPU,31905,-1.087,-0.945,1.433,-0.01,0.27,0.21,31.38,-15.58,17.77,-9.49,224,-32,0
[16:10:42] MPU,32026,-1.086,-0.946,1.431,-0.03,0.31,0.21,31.39,-15.58,17.80,-9.75,226,-33,0
[16:10:42] MPU,32132,-1.085,-0.946,1.430,0.02,0.23,0.20,31.37,-15.58,17.79,-10.66,231,-36,-1
[16:10:42] MPU,32240,-1.088,-0.947,1.432,-0.01,0.23,0.23,31.36,-15.58,17.78,-11.45,232,-38,-2
[16:10:42] MPU,32350,-1.089,-0.947,1.431,-0.08,0.24,0.17,31.36,-15.58,17.78,-11.79,234,-39,-3
[16:10:42] MPU,32458,-1.086,-0.943,1.429,0.08,0.21,0.21,31.37,-15.58,17.77,-12.20,235,-40,-4
[16:10:42] MPU,32558,-1.089,-0.948,1.429,0.02,0.26,0.22,31.37,-15.58,17.77,-12.42,235,-41,-3
[16:10:43] MPU,32667,-1.088,-0.946,1.430,-0.03,0.26,0.21,31.36,-15.58,17.77,-12.55,235,-41,-4
[16:10:43] [Telemetri] Arayüze Gönderildi: {'zaman_damgasi': 32667, 'irtifa': 0.0, 'hiz': 0.0, 'enlem': 0.0, 'boylam': 0.0, 'durum': 'NORMAL', 'zemin_rakimi': 0.0, 'ax': -1.088, 'ay': -0.946, 'az': 1.43, 'gx': -0.03, 'gy': 0.26, 'gz': 0.21, 'sicaklik': 31.36, 'roll': -15.58, 'pitch': 17.77, 'yaw': -12.55, 'mx': 235.0, 'my': -41.0, 'mz': -4.0}
[16:10:43] MPU,32776,-1.086,-0.946,1.431,0.06,0.23,0.17,31.37,-15.58,17.77,-11.71,235,-39,-3
[16:10:43] MPU,32907,-1.087,-0.946,1.432,-0.04,0.26,0.24,31.34,-15.57,17.77,-11.78,234,-39,-3
[16:10:43] MU,33026,-1.087,-0.946,1.430,-0.08,0.28,0.21,31.35,-15.58,17.79,-11.38,233,-38,-2
[16:10:43] MPU,33133,-1.088,-0.945,1.429,-0.05,0.26,0.23,31.34,-15.57,17.79,-11.37,233,-38,-2
[16:10:43] MPU,33242,-1.087,-0.947,1.428,-0.03,0.27,0.20,31.35,-15.58,17.78,-11.37,233,-38,-2
[16:10:43] MPU,33351,-1.086,-0.944,1.428,0.02,0.24,0.25,31.33,-15.57,17.76,-11.78,234,-39,-3
[16:10:43] MPU,33460,-1.087,-0.946,1.431,0.01,0.27,0.21,31.33,-15.58,17.76,-12.06,235,-40,-3
[16:10:43] MPU,33569,-1.086,-0.944,1.429,-0.01,0.23,0.21,31.34,-15.58,17.77,-12.68,235,-41,-5
[16:10:44] MPU,33678,-1.086,-0.946,1.433,-0.02,0.26,0.21,31.32,-15.57,17.77,-13.04,235,-42,-5
[16:10:44] [Telemetri] Arayüze Gönderildi: {'zaman_damgasi': 33678, 'irtifa': 0.0, 'hiz': 0.0, 'enlem': 0.0, 'boylam': 0.0, 'durum': 'NORMAL', 'zemin_rakimi': 0.0, 'ax': -1.086, 'ay': -0.946, 'az': 1.433, 'gx': -0.02, 'gy': 0.26, 'gz': 0.21, 'sicaklik': 31.32, 'roll': -15.57, 'pitch': 17.77, 'yaw': -13.04, 'mx': 235.0, 'my': -42.0, 'mz': -5.0}
[16:10:44] MPU,33787,-1.088,-0.944,1.431,-0.01,0.23,0.21,31.33,-15.57,17.76,-13.08,236,-42,-6
[16:10:44] MPU,33914,-1.085,-0.947,1.430,0.01,0.30,0.21,31.32,-15.57,17.76,-13.30,236,-43,-5
[16:10:44] MPU,34026,-1.084,-0.947,1.429,0.02,0.25,0.26,31.34,-15.57,17.78,-13.40,235,-43,-5
[16:10:44] MP,34134,-1.086,-0.947,1.430,-0.02,0.26,0.24,31.32,-15.58,17.78,-12.69,235,-41,-5
[16:10:44] MPU,34243,-1.089,-0.944,1.426,-0.08,0.26,0.18,31.32,-15.58,17.77,-12.56,235,-41,-4
[16:10:44] MPU,34352,-1.083,-0.945,1.427,0.03,0.23,0.21,31.30,-15.58,17.77,-12.91,235,-42,-4
[16:10:44] MPU,34461,-1.085,-0.946,1.428,-0.12,0.26,0.21,31.30,-15.58,17.77,-12.60,236,-41,-5
[16:10:44] MPU,34561,-1.085,-0.948,1.428,-0.01,0.25,0.15,31.3,-15.60,17.76,-12.96,236,-42,-5
[16:10:45] MPU,34669,-1.086,-0.946,1.433,0.04,0.18,0.24,31.30,-15.58,17.76,-12.95,236,-42,-5
[16:10:45] [Telemetri] Arayüze Gönderildi: {'zaman_damgasi': 34669, 'irtifa': 0.0, 'hiz': 0.0, 'enlem': 0.0, 'boylam': 0.0, 'durum': 'NORMAL', 'zemin_rakimi': 0.0, 'ax': -1.086, 'ay': -0.946, 'az': 1.433, 'gx': 0.04, 'gy': 0.18, 'gz': 0.24, 'sicaklik': 31.3, 'roll': -15.58, 'pitch': 17.76, 'yaw': -12.95, 'mx': 236.0, 'my': -42.0, 'mz': -5.0}
[16:10:45] MPU,34779,-1.086,-0.949,1.428,-0.01,0.23,0.17,31.30,-15.58,17.76,-1.04,235,-42,-5
[16:10:45] MPU,34883,-1.085,-0.947,1.430,0.00,0.23,0.20,31.29,-15.59,17.76,-13.44,236,-43,-6
[16:10:45] MPU,35015,-1.087,-0.945,1.432,0.04,0.24,0.23,31.28,-15.59,17.78,-13.32,236,-43,-5
[16:10:45] MPU,35116,-1.087,-0.947,1.430,0.00,0.28,0.18,31.28,-15.59,17.78,-13.05,235,-42,-5
[16:10:45] MPU,35224,-1.087,-0.946,1.436,0.03,0.23,0.19,31.27,-15.58,17.77,-13.04,235,-42,-5
[16:10:45] MPU,35334,-1.085,-0.947,1.429,0.03,0.27,0.23,31.27,-15.58,17.76,-13.04,235,-42,-5
[16:10:45] MPU,35442,-1.08,-0.948,1.430,0.01,0.25,0.17,31.26,-15.59,17.76,-13.04,235,-42,-5
[16:10:45] MPU,35542,-1.086,-0.946,1.433,0.06,0.19,0.22,31.27,-15.58,17.76,-12.95,236,-42,-5
[16:10:45] MPU,35651,-1.088,-0.947,1.432,-0.04,0.21,0.18,31.27,-15.58,17.76,-13.40,235,-43,-5
[16:10:46] [Telemetri] Arayüze Gönderildi: {'zaman_damgasi': 35651, 'irtifa': 0.0, 'hiz': 0.0, 'enlem': 0.0, 'boylam': 0.0, 'durum': 'NORMAL', 'zemin_rakimi': 0.0, 'ax': -1.088, 'ay': -0.947, 'az': 1.432, 'gx': -0.04, 'gy': 0.21, 'gz': 0.18, 'sicaklik': 31.27, 'roll': -15.58, 'pitch': 17.76, 'yaw': -13.4, 'mx': 235.0, 'my': -43.0, 'mz': -5.0}
[16:10:46] MPU,35760,-1.085,-0.942,1.429,0.03,0.26,0.19,31.24,-15.57,17.76,-13.52,235,-43,-6
[16:10:46] MPU,35900,-1.087,-0.945,1.431,-0.01,0.28,0.22,31.26,-15.58,17.76,-13.17,236,-43,-4
[16:10:46] MPU,36024,-1.088,-0.944,1.428,-0.05,0.26,0.19,31.27,-15.58,17.78,-13.45,236,-43,-6
[16:10:46] MPU,36127,-1.086,-0.945,1.430,0.01,0.30,0.21,31.25,-15.57,17.78,-13.44,236,-43,-6
[16:10:46] MPU,36236,-1.086,-0.944,1.430,0.01,0.22,0.21,31.24,-15.58,17.77,-13.44,236,-43,-6
[16:10:46] MPU,36345,-1.086,-0.947,1.430,0.02,0.24,0.21,31.23,-15.58,17.76,-13.44,236,-43,-6
[16:10:46] MPU,36454,-1.086,-0.943,1.429,0.01,0.23,0.18,31.24,-15.57,17.76,-13.30,236,-43,-5
[16:10:46] MPU,36563,-1.087,-0.945,1.430,-0.01,0.24,0.17,31.22,-15.58,17.76,-13.44,236,-43,-6
[16:10:47] MPU,36672,-1.085,-0.9471.432,-0.06,0.21,0.18,31.23,-15.58,17.75,-13.43,236,-43,-6
[16:10:47] [Telemetri] Arayüze Gönderildi: {'zaman_damgasi': 36563, 'irtifa': 0.0, 'hiz': 0.0, 'enlem': 0.0, 'boylam': 0.0, 'durum': 'NORMAL', 'zemin_rakimi': 0.0, 'ax': -1.087, 'ay': -0.945, 'az': 1.43, 'gx': -0.01, 'gy': 0.24, 'gz': 0.17, 'sicaklik': 31.22, 'roll': -15.58, 'pitch': 17.76, 'yaw': -13.44, 'mx': 236.0, 'my': -43.0, 'mz': -6.0}
[16:10:47] MPU,36782,-1.085,-0.945,1.430,0.02,0.24,0.21,31.24,-15.58,17.75,-13.44,236,-43,-6
[16:10:47] MPU,36902,-1.087,-0.945,1.430,0.05,0.26,0.24,31.23,-15.58,17.75,-13.44,236,-43,-6
[16:10:47] MPU,37025,-1.085,-0.947,1.430,0.06,0.26,0.19,31.23,-15.58,17.78,-13.44,236,-43,-6
[16:10:47] MPU,37128,-1.088,-0.944,1.431,0.00,0.22,0.16,31.22,-15.57,17.78,-13.44,236,-43,-6
[16:10:47] MPU,37237,-1.085,-0.947,1.430,0.00,0.25,0.21,31.22,-15.58,17.77,-13.45,236,-43,-6
[16:10:47] MPU,37337,-1.085,-0.948,1.429,0.02,0.23,0.19,31.19,-15.59,17.76,-13.44,236,-43,-6
[16:10:47] MPU,37445,-1.087,-0.944,1.427,-0.02,0.23,0.21,31.20,-15.58,17.76,-13.44,236,-43,-6
[16:10:47] MPU,37555,-1.084,-0.947,1.429,0.05,0.22,0.21,31.18,-15.59,17.76,-13.44,236,-43,-6
[16:10:48] MPU,37663,-1.087,-0.947,1.430,-0.01,0.21,0.25,31.19,-15.59,17.76,-13.31,236,-43,-5
[16:10:48] [Telemetri] Arayüze Gönderildi: {'zaman_damgasi': 37663, 'irtifa': 0.0, 'hiz': 0.0, 'enlem': 0.0, 'boylam': 0.0, 'durum': 'NORMAL', 'zemin_rakimi': 0.0, 'ax': -1.087, 'ay': -0.947, 'az': 1.43, 'gx': -0.01, 'gy': 0.21, 'gz': 0.25, 'sicaklik': 31.19, 'roll': -15.59, 'pitch': 17.76, 'yaw': -13.31, 'mx': 236.0, 'my': -43.0, 'mz': -5.0}
[16:10:48] MPU,37763,-1.085,-0.949,1.431,0.00,0.25,0.17,31.19,-15.59,17.76,-13.44,236,-43,-6
[16:10:48] MPU,37903,-1.086,-0.945,1.429,0.04,0.27,0.20,31.18,-15.59,17.76,-13.44,236,-43,-6
[16:10:48] MPU,38026,-1.086,-0.947,1.429,0.01,0.28,0.21,31.19,-15.59,17.78,-13.45,236,-43,-6
[16:10:48] MPU,38129,-1.086,-0.945,1.430,-0.01,0.25,0.20,31.18,-15.58,17.78,-13.45,236,-43,-6
[16:10:48] MPU,38239,-1.086,-0.946,1.434,0.02,0.26,0.18,31.18,-15.58,17.77,-13.31,236,-43,-5
[16:10:48] MPU,38347,-1.086,-0.947,1.432,0.05,0.22,0.25,31.18,-15.58,17.76,-13.31,236,-43,-5
[16:10:48] MPU,38447,-1.087,-0.943,1.429,0.02,0.25,0.20,31.16,-15.58,17.76,-13.44,236,-43,-6
[16:10:48] MPU,38556,-1.085,-0.945,1.429,-0.01,0.23,0.18,31.17,-15.57,17.75,-13.43,236,-43,-6
[16:10:49] MPU,38656,-1.083,-0.946,1.430,-0.01,0.26,0.20,31.17,-15.57,17.75,-13.52,235,-43,-6
[16:10:49] [Telemetri] Arayüze Gönderildi: {'zaman_damgasi': 38656, 'irtifa': 0.0, 'hiz': 0.0, 'enlem': 0.0, 'boylam': 0.0, 'durum': 'NORMAL', 'zemin_rakimi': 0.0, 'ax': -1.083, 'ay': -0.946, 'az': 1.43, 'gx': -0.01, 'gy': 0.26, 'gz': 0.2, 'sicaklik': 31.17, 'roll': -15.57, 'pitch': 17.75, 'yaw': -13.52, 'mx': 235.0, 'my': -43.0, 'mz': -6.0}
[16:10:49] MPU,38764,-1.086,-0.946,1.434,0.05,0.26,0.23,31.16,-15.58,17.75,-13.43,236,-43,-6
[16:10:49] MPU,38904,-1.085,-0.945,1.430,0.03,0.28,0.24,31.16,-15.58,17.75,-13.44,236,-43,-6
[16:10:49] MPU,39025,-1.087,-0.944,1.430,0.02,0.23,0.21,31.16,-15.57,17.78,-13.44,236,-43,-6
[16:10:49] MPU,39131,-1.087,-0.946,1.430,0.03,0.23,0.18,31.14,-15.58,17.78,13.44,236,-43,-6
[16:10:49] MPU,39240,-1.085,-0.946,1.432,-0.04,0.21,0.19,31.18,-15.57,17.76,-13.43,236,-43,-6
[16:10:49] MPU,39340,-1.087-0.947,1.429,0.02,0.22,0.21,31.16,-15.57,17.76,-13.66,236,-44,-5
[16:10:49] MPU,39448,-1.086,-0.946,1.431,0.03,0.19,0.21,31.16,-15.58,17.75,-13.43,236,-43,-6
[16:10:49] MPU,39558,-1.086,-0.945,1.429,0.07,0.26,0.19,31.15,-15.57,17.76,-13.39,235,-43,-5
[16:10:50] MPU,39666,-1.085,-0.946,1.428,0.12,0.30,0.23,31.16,-15.58,17.76,-13.44,236,-43,-6
[16:10:50] [Telemetri] Arayüze Gönderildi: {'zaman_damgasi': 39666, 'irtifa': 0.0, 'hiz': 0.0, 'enlem': 0.0, 'boylam': 0.0, 'durum': 'NORMAL', 'zemin_rakimi': 0.0, 'ax': -1.085, 'ay': -0.946, 'az': 1.428, 'gx': 0.12, 'gy': 0.3, 'gz': 0.23, 'sicaklik': 31.16, 'roll': -15.58, 'pitch': 17.76, 'yaw': -13.44, 'mx': 236.0, 'my': -43.0, 'mz': -6.0}
[16:10:50] MPU,39766,-1.087,-0.946,1.429,0.00,0.26,0.22,31.15,-15.58,17.76,-13.44,236,-43,-6
[16:10:50] MPU,39907,-1.088,-0.945,1.433,0.03,0.24,0.19,31.13,-15.57,17.76,-13.30,236,-43,-5
[16:10:50] MPU,40026,-1.086,-0.946,1.31,0.00,0.21,0.19,31.14,-15.57,17.78,-13.44,236,-43,-6
[16:10:50] MPU,40132,-1.086,-0.945,1.431,-0.05,0.20,0.24,31.12,-15.58,17.77,-13.53,235,-43,-6
[16:10:50] MPU,40242,-1.085,-0.946,1.428,-0.02,0.29,0.17,31.12,-15.58,17.76,-13.40,235,-43,-5
[16:10:50] MPU,40350,-1.085,-0.946,1.428,-0.01,0.20,0.16,31.12,-15.58,17.76,-13.44,236,-43,-6
[16:10:50] MPU,40450,-1.087,-0.949,1.431,-0.01,0.26,0.15,31.12,-15.59,17.76,-13.44,236,-43,-6
[16:10:50] MPU,40559,-1.085,-0.946,1.433,0.10,0.27,0.21,31.13,-15.59,17.76,-13.44,236,-43,-6
[16:10:51] MPU,40668,-1.086,-0.947,1.431,-0.01,0.28,0.23,31.13,-15.58,17.76,-13.44,236,-43,-6
[16:10:51] [Telemetri] Arayüze Gönderildi: {'zaman_damgasi': 40668, 'irtifa': 0.0, 'hiz': 0.0, 'enlem': 0.0, 'boylam': 0.0, 'durum': 'NORMAL', 'zemin_rakimi': 0.0, 'ax': -1.086, 'ay': -0.947, 'az': 1.431, 'gx': -0.01, 'gy': 0.28, 'gz': 0.23, 'sicaklik': 31.13, 'roll': -15.58, 'pitch': 17.76, 'yaw': -13.44, 'mx': 236.0, 'my': -43.0, 'mz': -6.0}
[16:10:51] MPU,40777,-1.087,-0.948,1.432,0.05,0.26,0.19,31.11,-15.58,17.76,-12.95,236,-42,-5
[16:10:51] MPU,40908,-1.088,-0.946,1.430,0.02,0.23,0.26,31.13,-15.59,17.76,-13.79,236,-44,-6
[16:10:51] MPU,41025,-1.086,-0.947,1.431,0.08,0.27,0.16,31.12,-15.58,17.78,-13.45,236,-43,-6
[16:10:51] MPU,41134,-1.085,-0.947,1.430,-0.06,0.26,0.17,31.10,-15.58,17.78,-13.45,236,-43,-6
[16:10:51] MPU,41243,-1.086,-0.948,1.429,0.02,0.25,0.21,31.11,-15.58,17.77,-13.45,236,-43,-6
[16:10:51] MPU,41352,-1.086,-0.945,1.431,0.02,0.28,0.17,31.11,-15.58,17.77,-13.44,236,-43,-6
[16:10:51] MPU,41461,-1088,-0.945,1.426,0.01,0.19,0.18,31.10,-15.58,17.77,-13.40,235,-43,-5
[16:10:51] MPU,41561,-1.087,-0.947,1.430,0.03,0.23,0.22,31.08,-15.59,17.76,-13.44,236,-43,-6
[16:10:52] MPU,41669,-1.087,-0.946,1.433,-0.04,0.26,0.24,31.09,-15.59,17.77,-13.31,236,-43,-5
[16:10:52] [Telemetri] Arayüze Gönderildi: {'zaman_damgasi': 41669, 'irtifa': 0.0, 'hiz': 0.0, 'enlem': 0.0, 'boylam': 0.0, 'durum': 'NORMAL', 'zemin_rakimi': 0.0, 'ax': -1.087, 'ay': -0.946, 'az': 1.433, 'gx': -0.04, 'gy': 0.26, 'gz': 0.24, 'sicaklik': 31.09, 'roll': -15.59, 'pitch': 17.77, 'yaw': -13.31, 'mx': 236.0, 'my': -43.0, 'mz': -5.0}
[16:10:52] MPU,41779,-1.086,-0.947,1.430,-0.05,0.26,0.17,31.08,-15.59,17.76,-13.40,235,-43,-5
[16:10:52] MPU,41925,-1.087,-0.948,1.434,0.12,0.23,0.17,31.09,-15.58,17.77,-13.31,236,-43,-5
[16:10:52] MPU,42028,-1.088,-0.945,1.427,-0.02,0.24,0.21,31.09,-15.59,17.79,-13.45,236,-43,-6
[16:10:52] MPU,42135,-1.087,-0.946,1.434,0.01,0.23,0.19,31.07,-15.58,17.78,-13.36,237,-43,-6
[16:10:52] MPU,42245,-1.086,-0.948,1.431,0.02,0.26,0.21,31.07,-15.59,17.77,-13.80,236,-44,-6
[16:10:52] MPU,42354,-1.085,-0.947,1.429,-0.01,0.24,0.14,31.07,-15.60,17.76,-13.54,235,-43,-6
[16:10:52] MPU,42463,-1.086,-0.945,1.432,0.05,0.27,0.19,31.06,-15.59,17.77,-13.31,236,-43,-5
[16:10:52] MPU,42572,-1.086,-0.946,1.429,0.07,0.23,0.23,31.07,-15.59,17.77,-13.45,236,-43,-6
[16:10:53] MPU,42681,-1.086,-0.944,1.428,0.02,0.23,0.18,31.04,-15.58,17.77,-13.31,236,-43,-5
[16:10:53] [Telemetri] Arayüze Gönderildi: {'zaman_damgasi': 42681, 'irtifa': 0.0, 'hiz': 0.0, 'enlem': 0.0, 'boylam': 0.0, 'durum': 'NORMAL', 'zemin_rakimi': 0.0, 'ax': -1.086, 'ay': -0.944, 'az': 1.428, 'gx': 0.02, 'gy': 0.23, 'gz': 0.18, 'sicaklik': 31.04, 'roll': -15.58, 'pitch': 17.77, 'yaw': -13.31, 'mx': 236.0, 'my': -43.0, 'mz': -5.0}
[16:10:53] MPU,42790,-1.086,-0.946,1.431,0.02,0.31,0.21,31.06,-15.58,17.77,-13.44,236,-43,-6
[16:10:53] MPU,42928-1.086,-0.945,1.428,-0.01,0.28,0.20,31.05,-15.58,17.77,-13.44,236,-4,-6
[16:10:53] MPU,43029,-1.085,-0.945,1.428,0.03,0.26,0.19,31.04,-15.58,17.79,-13.45,236,-43,-6
[16:10:53] MPU,43138,-1.087,-0.946,1.432,-0.05,0.25,0.19,31.03,-15.58,17.78,-13.45,236,-43,-6
[16:10:53] MPU,43246,-1.086,-0.946,1.430,0.03,0.26,0.19,31.04,-15.58,17.77,-13.45,236,-43,-6
[16:10:53] MPU,43356,-1.085,-0.947,1.430,0.05,0.22,0.19,31.04,-15.58,17.77,-13.31,236,-43,-5
[16:10:53] MPU,43464,-1.088,-0.948,1.430,0.06,0.27,0.19,31.04,-15.59,17.77,-13.44,236,-43,-6
[16:10:53] MPU,43564,-1.085,-0.941,1.433,0.10,0.32,0.22,31.02,-15.58,17.76,-13.44,236,-43,-6
[16:10:54] MPU,43673,-1.087,-0.946,1.427,0.05,0.28,0.1931.02,-15.58,17.76,-1.53,235,-43,-6
[16:10:54] [Telemetri] Arayüze Gönderildi: {'zaman_damgasi': 43564, 'irtifa': 0.0, 'hiz': 0.0, 'enlem': 0.0, 'boylam': 0.0, 'durum': 'NORMAL', 'zemin_rakimi': 0.0, 'ax': -1.085, 'ay': -0.941, 'az': 1.433, 'gx': 0.1, 'gy': 0.32, 'gz': 0.22, 'sicaklik': 31.02, 'roll': -15.58, 'pitch': 17.76, 'yaw': -13.44, 'mx': 236.0, 'my': -43.0, 'mz': -6.0}
[16:10:54] MPU,43782,-1.087,-0.945,1.429,0.05,0.26,0.19,31.04,-15.58,17.76,-13.31,236,-43,-5
[16:10:54] MPU,43902,-1.086,-0.947,1.431,-0.08,0.24,0.17,31.02,-15.59,17.76,-13.31,236,-43,-5
[16:10:54] MPU,44025,-1.087,-0.945,1.429,0.00,0.26,0.17,31.03,-15.59,17.79,-13.54,235,-43,-6
[16:10:54] MPU,44129,-1.085,-0.945,1.431,0.07,0.23,0.22,31.02,-15.58,17.78,-13.54,235,-43,-6
[16:10:54] MPU,44238,-1.088,-0.947,1.432,0.00,0.26,0.20,31.03,-15.58,17.78,-13.45,236,-43,-6
[16:10:54] MPU,44347,-1.088,-0.946,1.432,0.04,0.24,0.19,31.02,-15.58,17.78,-13.09,236,-42,-6
[16:10:54] MPU,44456,-1.086,-0.947,1.432,0.00,0.26,0.21,31.02,-15.58,17.77,-13.44,236,-43,-6
[16:10:54] MPU,44565,-1.085,-0.946,1.431,0.04,0.24,0.17,31.01,-15.59,17.76,-13.44,236,-43,-6
[16:10:55] MPU,44675,-1.085,-0.947,1.431,0.03,0.32,0.19,31.00,-15.58,17.76,-13.44,236,-43,-6
[16:10:55] [Telemetri] Arayüze Gönderildi: {'zaman_damgasi': 44675, 'irtifa': 0.0, 'hiz': 0.0, 'enlem': 0.0, 'boylam': 0.0, 'durum': 'NORMAL', 'zemin_rakimi': 0.0, 'ax': -1.085, 'ay': -0.947, 'az': 1.431, 'gx': 0.03, 'gy': 0.32, 'gz': 0.19, 'sicaklik': 31.0, 'roll': -15.58, 'pitch': 17.76, 'yaw': -13.44, 'mx': 236.0, 'my': -43.0, 'mz': -6.0}
[16:10:55] MPU,4478,-1.084,-0.946,1.433,0.02,0.21,0.25,31.00,-15.58,17.76,-13.53,235,-43,-6
[16:10:55] MPU,44904,-1.087,-0.945,1.433,0.04,0.23,0.17,31.02,-15.58,17.76,-13.44,236,-43,-6
[16:10:55] MPU,45025,-1.087,-0.947,1.431,0.05,0.29,0.22,31.00,-15.58,17.79,-13.54,235,-43,-6
[16:10:55] MPU,45130,-1.088,-0.946,1.431,0.00,0.22,0.18,30.99,-15.57,17.79,-13.54,235,-43,-6
[16:10:55] MPU,45230,-1.088,-0.946,1.430,0.06,0.23,0.21,30.99,-15.58,17.79,-13.18,235,-42,-6
[16:10:55] MPU,45339,-1.088,-0.946,1.434,0.01,0.28,0.19,30.99,-15.58,17.77,-3.31,236,-43,-5
[16:10:55] MPU,45448,-1.087,-0.946,1.434,0.05,0.27,0.24,30.99,-15.58,17.77,-13.44,236,-43,-6
[16:10:55] MPU,45557,-1.087,-0.945,1.429,0.02,0.28,0.21,30.99,-15.58,17.76,-13.44,236,-43,-6
[16:10:56] MPU,45657,-1.088,-0.945,1.430,0.02,0.24,0.18,30.98,-15.58,17.77,-13.53,235,-43,-6
[16:10:56] MPU,45765,-1.084,-0.946,1.430,005,0.30,0.23,30.98,-15.57,17.77,-13.53,235,-43,-6
[16:10:56] [Telemetri] Arayüze Gönderildi: {'zaman_damgasi': 45765, 'irtifa': 0.0, 'hiz': 0.0, 'enlem': 0.0, 'boylam': 0.0, 'durum': 'NORMAL', 'zemin_rakimi': 0.0, 'ax': -1.084, 'ay': -0.946, 'az': 1.43, 'gx': 5.0, 'gy': 0.3, 'gz': 0.23, 'sicaklik': 30.98, 'roll': -15.57, 'pitch': 17.77, 'yaw': -13.53, 'mx': 235.0, 'my': -43.0, 'mz': -6.0}
[16:10:56] MPU,45905,-1.086,-0.946,1.431,-0.05,0.24,0.22,30.98,-15.58,17.76,-13.44,236,-43,-6
[16:10:56] MPU,46025,-1.088,-0.943,1.428,0.01,0.24,0.21,30.97,-15.57,17.79,-13.45,236,-43,-6
[16:10:56] MPU,46132,-1.085,-0.9471.429,-0.03,0.20,0.21,30.96,-15.57,17.78,-13.54,235,-43,-6
[16:10:56] MPU,46241,-1.084,-0.948,1.429,-0.07,0.20,0.16,30.97,-15.59,17.77,-13.54,235,-43,6
[16:10:56] MPU,46341,-1.089,-0.945,1.434,0.08,0.27,0.21,30.95,-15.58,17.77,-13.44,236,-43,-6
[16:10:56] MPU,46449,-1.087,-0.947,1.431,0.03,0.22,0.15,30.96,-15.59,17.77,-13.45,236,-43,-6
[16:10:56] MPU,46559,-1.088,-0.946,1.431,0.06,0.26,0.15,30.95,-15.59,17.76-13.80,236,-44,-6
[16:10:57] MPU,46667,-1.086,-0.946,1.434,-0.01,0.22,0.22,30.96,-15.58,17.77,-13.93,236,-44,-7
[16:10:57] MPU,46767,-1.085,-0.950,1.429,0.33,0.24,0.21,30.94,-15.59,17.76,-14.28,236,-45,-7
[16:10:57] [Telemetri] Arayüze Gönderildi: {'zaman_damgasi': 46767, 'irtifa': 0.0, 'hiz': 0.0, 'enlem': 0.0, 'boylam': 0.0, 'durum': 'NORMAL', 'zemin_rakimi': 0.0, 'ax': -1.085, 'ay': -0.95, 'az': 1.429, 'gx': 0.33, 'gy': 0.24, 'gz': 0.21, 'sicaklik': 30.94, 'roll': -15.59, 'pitch': 17.76, 'yaw': -14.28, 'mx': 236.0, 'my': -45.0, 'mz': -7.0}
[16:10:57] MPU,46908,-1.085,-0.945,1.432,0.10,0.2,0.24,30.94,-15.58,17.76,-14.02,235,-44,-7
[16:10:57] MPU,47033,-1.082,-0.946,1.425,-0.04,0.20,0.21,30.94,-15.58,17.77,-13.93,236,-44,-7
[16:10:57] MPU,47134,-1.087,-0.944,1.429,0.07,0.22,0.17,30.92,-15.57,17.78,-13.89,235,-44,-6
[16:10:57] MPU,47234,-1.086,-0.946,1.428,0.02,0.22,0.22,30.93,-15.57,17.77,-13.53,235,-43,-6
[16:10:57] MPU,47342,-1.086,-0.948,1.431,0.03,0.31,0.17,30.94,-15.58,17.76,-13.04,235,-42,-5
[16:10:57] MPU,47452,-1.086,-0.948,1.430,-0.06,0.23,0.22,30.93,-15.58,17.76,-12.55,235,-41,-4
[16:10:57] MPU,47560,-1.087,-0.948,1.435,0.02,0.27,0.17,30.95,-15.58,17.6,-12.28,234,-40,-4
[16:10:58] MPU,4766,-1.086,-0.945,1.432,0.03,0.26,0.23,30.92,-15.58,17.76,-11.91,234,-39,-4
[16:10:58] MPU,47769,-1.087,-0.947,1.431,0.00,0.26,0.27,30.94,-15.58,17.77,-1.78,234,-39,-3
[16:10:58] [Telemetri] Arayüze Gönderildi: {'zaman_damgasi': 47769, 'irtifa': 0.0, 'hiz': 0.0, 'enlem': 0.0, 'boylam': 0.0, 'durum': 'NORMAL', 'zemin_rakimi': 0.0, 'ax': -1.087, 'ay': -0.947, 'az': 1.431, 'gx': 0.0, 'gy': 0.26, 'gz': 0.27, 'sicaklik': 30.94, 'roll': -15.58, 'pitch': 17.77, 'yaw': -1.78, 'mx': 234.0, 'my': -39.0, 'mz': -3.0}
[16:10:58] MPU,47895,-1.086,-0.945,1.430,0.05,0.24,0.23,30.93,-15.59,17.76,-11.79,234,-39,-3
[16:10:58] MPU,48028,-1.087,-0.945,1.429,-0.06,0.5,0.21,30.94,-15.59,17.79,-12.57,235,-41,-4
[16:10:58] MPU,48136,-1.087,-0.945,1.430,0.05,0.26,0.21,30.91,-15.59,17.78,-13.58,236,-43,-7
[16:10:58] MPU,48244,-1.084,-0.947,1.434,0.02,0.26,0.20,30.93,-15.58,17.77,-14.63,236,-46,-7
[16:10:58] MPU,48344,-1.085,-0.943,1.432,0.03,0.21,0.23,30.92,-15.58,17.76,-14.86,235,-46,-8
[16:10:58] MPU,48453,-1.086,-0.944,1.433,-0.06,0.27,0.19,30.91,-15.57,17.76,-14.89,236,-46,-9
[16:10:58] MPU,48562,-1.085,-0.944,1.429,-0.03,0.20,0.21,30.92,-15.58,17.76,-15.11,236,-47,-8
[16:10:59] MPU,48671,-1.087,-0.947,1.433,0.01,0.24,0.16,30.92,-15.58,17.75,-14.41,236,-45,-8
[16:10:59] MPU,48771,-1.086,-0.947,1.432,-0.01,0.26,0.20,30.92,-15.57,17.75,-14.40,236,-45,-8
[16:10:59] [Telemetri] Arayüze Gönderildi: {'zaman_damgasi': 48771, 'irtifa': 0.0, 'hiz': 0.0, 'enlem': 0.0, 'boylam': 0.0, 'durum': 'NORMAL', 'zemin_rakimi': 0.0, 'ax': -1.086, 'ay': -0.947, 'az': 1.432, 'gx': -0.01, 'gy': 0.26, 'gz': 0.2, 'sicaklik': 30.92, 'roll': -15.57, 'pitch': 17.75, 'yaw': -14.4, 'mx': 236.0, 'my': -45.0, 'mz': -8.0}
[16:10:59] MPU,48902,-1.086,-0.946,1.427,0.02,0.24,0.17,30.92,-15.57,17.76,-14.14,236,-45,-6
[16:10:59] MPU,49033,-1.087-0.944,1.430,-0.01,0.20,0.18,30.92,-15.57,17.78,-13.80,236,-44-6
[16:10:59] MPU,49137,-1.085,-0.947,1435,0.02,0.27,0.15,30.93,-15.58,17.77,-12.83,236,-42,-4
[16:10:59] MPU,49247,-1.090,-0.947,1.432,-0.41,0.23,0.10,30.90,-15.58,17.76,-12.33,236,-41,-3
[16:10:59] MPU,49355,-1.082,-0.946,1.433,0.10,0.22,0.21,30.89,-15.57,17.76,-12.01,234,-40,-2
[16:10:59] MPU,49455,-1.090,-0.947,1.429,-0.01,0.24,0.17,30.91,-15.57,17.76,-11.64,234,-39,-2
[16:10:59] MPU,49564,-1.086,-0.945,1.432,0.05,0.29,0.14,30.90,-15.57,17.75,-10.93,232,-37,-1
[16:11:00] MPU,49664,-1.085,-0.944,1.432,0.16,0.19,0.21,30.89,-15.57,17.75,-11.07,232,-37,-2
[16:11:00] MPU,49772,-1.087,-0.946,1.432,0.10,0.25,0.20,30.89,-15.57,17.76,-10.94,232,-37,-1
[16:11:00] [Telemetri] Arayüze Gönderildi: {'zaman_damgasi': 49772, 'irtifa': 0.0, 'hiz': 0.0, 'enlem': 0.0, 'boylam': 0.0, 'durum': 'NORMAL', 'zemin_rakimi': 0.0, 'ax': -1.087, 'ay': -0.946, 'az': 1.432, 'gx': 0.1, 'gy': 0.25, 'gz': 0.2, 'sicaklik': 30.89, 'roll': -15.57, 'pitch': 17.76, 'yaw': -10.94, 'mx': 232.0, 'my': -37.0, 'mz': -1.0}
[16:11:00] MPU,49903,-1.085,-0.946,1.433,0.06,0.24,0.24,30.89,-15.57,17.75,-11.36,233,-38,-2
[16:11:00] MPU,50033,-1.087,-0.947,1.433,0.0,0.26,0.22,30.89,-15.56,17.78,-12.06,235,-40,-3
[16:11:00] MPU,50140,-1.085,-0.945,1.432,-0.05,0.30,0.22,30.88,-15.55,17.78,-13.79,236,-44,-6
[16:11:00] MPU,50248,-1.085,-0.946,1.435,0.07,0.25,0.20,30.88,-15.56,17.77,-14.27,236,-45,-7
[16:11:00] MPU,50348,-1.087,-0.946,1.430,0.02,0.24,0.19,30.86,-15.56,17.76,-14.75,236,-46,-8
[16:11:00] MPU,50456,-1.084,-0.947,1.433,0.02,0.26,0.19,30.88,-15.57,17.75,-15.82,235,-48,-10
[16:11:00] MPU,50566,-1.086,-0.947,1.429,0.00,0.24,0.18,30.87,-15.57,17.75,-16.89,234,-50,-12
[16:11:01] MPU,50675,-1.086,-0.947,1.431,0.02,0.30,0.22,30.88,-15.57,17.75,-17.49,233,-51,-13
[16:11:01] [Telemetri] Arayüze Gönderildi: {'zaman_damgasi': 50675, 'irtifa': 0.0, 'hiz': 0.0, 'enlem': 0.0, 'boylam': 0.0, 'durum': 'NORMAL', 'zemin_rakimi': 0.0, 'ax': -1.086, 'ay': -0.947, 'az': 1.431, 'gx': 0.02, 'gy': 0.3, 'gz': 0.22, 'sicaklik': 30.88, 'roll': -15.57, 'pitch': 17.75, 'yaw': -17.49, 'mx': 233.0, 'my': -51.0, 'mz': -13.0}
[16:11:01] MPU,50784,-1.083,-0.947,1.431,0.03,0.27,0.18,30.85,-15.58,17.75,-18.10,232,-52,-14
[16:11:01] MPU,50905,-1.086,-0.946,1.433,0.05,0.25,0.17,30.85,-15.58,17.75,-18.10,232,-52,-14
[16:11:01] MPU,51034,1.085,-0.948,1.433,-0.03,0.26,0.18,30.87,-1558,17.77,-17.97,232,-52,-13
[16:11:01] MPU,51141,-1.086,-0.948,1.433,-0.05,0.28,0.19,30.87,-15.58,17.77,-17.25,234,-51,-12
[16:11:01] MPU,51250,-1.085,-0.944,1.433,0.02,0.27,0.22,30.86,-15.58,17.76,-16.65,235,-50,-11
[16:11:01] MPU,51359,-1.086,-0.945,1.430,-0.05,0.25,0.18,30.85,-15.57,17.76,-15.58,236,-48,-9
[16:11:01] MPU,51459,-1086,-0.946,1.433,0.04,0.23,0.17,30.86,-15.57,1.76,-14.75,236,-46,-8
[16:11:01] MPU,51567,-1.086,-0.945,1.430,0.05,0.23,0.21,30.85,-15.57,17.76,-14.62,236,-4,-7
[16:11:02] MPU,51677,-1.085,-0.945,1.432,0.03,0.22,0.17,30.85,-15.58,17.75,-14.40,236,-45,-8
[16:11:02] [Telemetri] Arayüze Gönderildi: {'zaman_damgasi': 51677, 'irtifa': 0.0, 'hiz': 0.0, 'enlem': 0.0, 'boylam': 0.0, 'durum': 'NORMAL', 'zemin_rakimi': 0.0, 'ax': -1.085, 'ay': -0.945, 'az': 1.432, 'gx': 0.03, 'gy': 0.22, 'gz': 0.17, 'sicaklik': 30.85, 'roll': -15.58, 'pitch': 17.75, 'yaw': -14.4, 'mx': 236.0, 'my': -45.0, 'mz': -8.0}
[16:11:02] MPU,51786,-1.086,-0.944,1.432,0.05,0.22,0.2130.84,-15.57,17.75,-14.62,236,-46,-7
[16:11:02] MPU,51907,-1.084,-0.944,1.433,-0.05,0.26,0.23,30.82,-15.57,17.75,-14.61,236,-46,-7
[16:11:02] MPU,52025,-1.086,-0.945,1.432,0.08,026,0.17,30.84,-15.56,17.77,-14.75,236,-46,8
[16:11:02] MPU,52133,-1.087,-0.948,1.431,-0.08,0.29,0.21,30.84,-15.57,17.77,-15.58,236,-48,-9
[16:11:02] MPU,52242,-1.083,-0.944,1.434,-0.40,0.22,0.20,30.82,-15.57,17.76,-16.06,234,-48,-11
[16:11:02] MPU,52352,-1.090,-0.950,1.431,-0.14,0.27,0.19,30.82,-15.57,17.75,-16.65,235,-50,-11
[16:11:02] MPU,52460,-1.087,-0.945,1.430,0.02,0.26,0.24,30.84,-15.57,17.75,-1713,235,-51,-12
[16:11:02] MPU,52570-1.088,-0.946,1.43,-0.14,0.23,0.15,30.83,-15.7,17.76,-17.04,234,-50,-13
[16:11:03] MPU,52678,-1.088,-0.948,1.430,0.07,0.26,0.17,30.84,-15.57,17.77,-17.38,234,-51,-13
[16:11:03] [Telemetri] Arayüze Gönderildi: {'zaman_damgasi': 52678, 'irtifa': 0.0, 'hiz': 0.0, 'enlem': 0.0, 'boylam': 0.0, 'durum': 'NORMAL', 'zemin_rakimi': 0.0, 'ax': -1.088, 'ay': -0.948, 'az': 1.43, 'gx': 0.07, 'gy': 0.26, 'gz': 0.17, 'sicaklik': 30.84, 'roll': -15.57, 'pitch': 17.77, 'yaw': -17.38, 'mx': 234.0, 'my': -51.0, 'mz': -13.0}
[16:11:03] MPU,52788,-1.083,-0.944,1.433,-0.01,0.30,0.14,30.81,-15.57,17.75,-17.49,233,-51,-13
[16:11:03] MPU,52918,-1.087,-0.945,1.429,0.05,0.29,0.14,30.83,-15.57,17.76,-17.24,234,-51,-12
[16:11:03] MPU,53026,-1.083,-0.45,1.435,-0.01,0.26,0.19,30.83,-15.57,17.78,-17.39,234,-51,-13
[16:11:03] MPU,53135-1.086,0.946,1.432,-0.12,0.21,0.21,30.83,-15.57,17.78,-17.50,233,-51,-13
[16:11:03] MPU,53243,-1.086,-0.947,1.43,-0.06,0.26,0.19,30.82,-15.58,17.76,-17.85,233,-52,-13
[16:11:03] MPU,53343,-1.083,-0.947,1.431,0.05,0.22,0.21,30.82,-15.58,17.75,-17.50,233,-51,-13
[16:11:03] MPU,53452,-1.087,-0.946,1.433,-0.01,0.23,0.15,30.81,-15.58,17.76,-17.50,233,-51,-13
[16:11:03] MPU,53561,-1.086,-0.946,1.433,-0.01,0.29,0.19,30.81,-15.58,17.75,-17.49,233,-51,-13
[16:11:04] MPU,53670,-1.084,-0.945,1.433,0.04,0.27,0.16,30.82,-15.58,17.75,-17.50,233,-51,-13
[16:11:04] MPU,53770,-1.085,-0.944,1.429,0.02,0.23,0.19,30.81,-15.58,17.75,-17.38,234,-51,-13
[16:11:04] [Telemetri] Arayüze Gönderildi: {'zaman_damgasi': 53770, 'irtifa': 0.0, 'hiz': 0.0, 'enlem': 0.0, 'boylam': 0.0, 'durum': 'NORMAL', 'zemin_rakimi': 0.0, 'ax': -1.085, 'ay': -0.944, 'az': 1.429, 'gx': 0.02, 'gy': 0.23, 'gz': 0.19, 'sicaklik': 30.81, 'roll': -15.58, 'pitch': 17.75, 'yaw': -17.38, 'mx': 234.0, 'my': -51.0, 'mz': -13.0}
[16:11:04] MPU,53893,-1.085,-0.943,1.435,0.08,0.26,0.21,30.80,-15.56,17.74,-17.23,234,-51,-12
[16:11:04] MPU,54025,-1.087,-0.947,1.431,-0.04,0.23,0.17,30.81,-15.57,17.76,-17.36,233,-51,-12
[16:11:04] MPU,54126,-1.085,-0.940,1.426,0.04,0.26,0.16,30.82,-15.57,17.76,-7.49,233,-51,-13
[16:11:04] MPU,54236,-1.088,-0.945,1.431,0.11,0.19,0.17,30.80,-15.58,17.77,-17.85,233,-52,-13
[16:11:04] MPU,54344,-1.089,-0.948,1.438,-0.07,0.24,0.15,30.79,-15.57,17.76,-17.50,233,-51,-13
[16:11:04] MPU,54444,-1.088,-0.948,1.434,-0.14,0.27,0.14,30.79,-15.57,17.76,-17.24,234,-51,-12
[16:11:04] MPU,54553,-1.084,-0.945,1.433,0.11,0.21,0.18,30.80,-15.58,17.75,-17.24,234,-51,-12
[16:11:05] MPU,54662,-1.086,-0.945,1.433,0.03,0.23,0.15,30.80,-15.57,17.75,-17.24,234,-51,-12
[16:11:05] MPU,54771-1.085,-0.947,1.429,-0.01,0.25,0.17,30.79,-15.57,17.75,-16.78,235,-50,-12
[16:11:05] [Telemetri] Arayüze Gönderildi: {'zaman_damgasi': 54662, 'irtifa': 0.0, 'hiz': 0.0, 'enlem': 0.0, 'boylam': 0.0, 'durum': 'NORMAL', 'zemin_rakimi': 0.0, 'ax': -1.086, 'ay': -0.945, 'az': 1.433, 'gx': 0.03, 'gy': 0.23, 'gz': 0.15, 'sicaklik': 30.8, 'roll': -15.57, 'pitch': 17.75, 'yaw': -17.24, 'mx': 234.0, 'my': -51.0, 'mz': -12.0}
[16:11:05] MPU,5402,-1.087,-0.947,1.434,0.05,0.29,0.21,30.78,-15.58,17.76,-16.76,234,-50,-11
[16:11:05] MPU,55024,-1.088,-0.943,1.431,0.01,0.23,0.19,30.78,-15.57,17.78,-16.21,236,-49,-11
[16:11:05] MPU,55129,-1.089,-0.945,1.432,-0.01,0.26,0.21,30.77,-15.57,17.78,-1572,236,-48,-10
[16:11:05] MPU,55237,-1.083,-0.943,1.431,0.10,0.26,0.23,30.79,-15.56,17.77,-15.58,236,-48,9
[16:11:05] MPU,55347,-1.084,-0.944,1.429,0.34,0.25,0.16,30.78,-15.57,17.76,-15.58,236,-48,-9
[16:11:05] MPU,55455,-1.088,-0.946,1.432,-0.17,0.26,0.18,30.79,-15.56,17.75,-15.71,236,-48,-10
[16:11:05] MPU,55555,-1.085,-0.947,1.431,0.02,0.26,0.21,30.77,-15.57,17.76,-15.71,236,-48,-10
[16:11:06] MPU,55664,-1.085,-0.946,1.432,-0.01,0.26,0.1,30.77,-15.57,17.74,-16.64,235,-50,-11
[16:11:06] MPU,55773,-1.086,-0.946,1.436,0.02,0.23,0.22,30.77,-15.57,17.75,-17.13,235,-51,-12
[16:11:06] [Telemetri] Arayüze Gönderildi: {'zaman_damgasi': 55773, 'irtifa': 0.0, 'hiz': 0.0, 'enlem': 0.0, 'boylam': 0.0, 'durum': 'NORMAL', 'zemin_rakimi': 0.0, 'ax': -1.086, 'ay': -0.946, 'az': 1.436, 'gx': 0.02, 'gy': 0.23, 'gz': 0.22, 'sicaklik': 30.77, 'roll': -15.57, 'pitch': 17.75, 'yaw': -17.13, 'mx': 235.0, 'my': -51.0, 'mz': -12.0}
[16:11:06] MPU,55904,-1.084,-0.944,1.431,-0.07,0.23,0.18,30.77,-15.56,17.74,-17.83,233,-52,-13
[16:11:06] MPU,56026,-1.087,-0.944,1.433,-0.08,0.24,0.18,30.77,-15.57,17.76,-18.33,233,-53,-14
[16:11:06] MPU,56130,-1.087,-0.944,1.432,0.01,0.26,0.21,30.75,-15.57,17.77,-19.33,230,-54,-16
[16:11:06] MPU,56240,-1.085,-0.944,1.434,0.03,0.30,0.18,30.75,-15.56,17.75,-19.45,229,-54,-16
[16:11:06] MPU,56348,-1.085,-0.944,1.430,0.15,0.29,0.20,30.75,-15.57,17.76,-19.59,228,-54,-16
[16:11:06] MPU,56448,-1.086,-0.945,1.433,0.01,0.26,0.22,3.77,-1557,17.76,-19.59,228,-54,-16
[16:11:06] MPU,56556,-1.085,-0.945,1.433,0.02,0.22,0.21,30.74,-15.57,17.75,-19.45,229,-54,-16
[16:11:07] MPU56666,-1.088,-0.945,1.433,0.01,0.27,0.20,30.74,-15.57,17.75,-19.32,230,-54,-16
[16:11:07] MPU,56775,-1.086,-0.944,1.430,-0.01,0.24,0.17,30.75,-1556,17.75,-18.09,232,-52,-14
[16:11:07] [Telemetri] Arayüze Gönderildi: {'zaman_damgasi': 56775, 'irtifa': 0.0, 'hiz': 0.0, 'enlem': 0.0, 'boylam': 0.0, 'durum': 'NORMAL', 'zemin_rakimi': 0.0, 'ax': -1.086, 'ay': -0.944, 'az': 1.43, 'gx': -0.01, 'gy': 0.24, 'gz': 0.17, 'sicaklik': 30.75, 'roll': -1556.0, 'pitch': 17.75, 'yaw': -18.09, 'mx': 232.0, 'my': -52.0, 'mz': -14.0}
[16:11:07] MPU,56905,-1.084,-0.944,1.434,0.05,0.26,0.26,30.76,-15.56,17.75,-17.72,234,-52,-13
[16:11:07] MPU,57025,-1.086,-0.947,1.428,-0.08,0.32,0.17,30.74,-15.57,17.78,-16.66,235,-50,-11
[16:11:07] MPU,57132,-1.089,-0.946,1.432,0.02,0.27,0.24,30.75,-15.56,17.79,-15.35,235,-47,-9
[16:11:07] MPU,57241,-1.085,-0.944,1.434,-0.02,0.26,0.23,30.74,-15.56,17.78,-15.20,235,-47,-8
[16:11:07] MPU,57350,-1.086,-0.943,1.434,0.02,0.26,0.22,30.74,-15.55,17.77,-15.23,236,-47,-9
[16:11:07] MPU,57459,-1.087,-0.948,1.431,0.07,0.25,0.21,30.74,-15.56,17.76,-15.68,235,-48,-9
[16:11:07] MPU,57559,-1.085,-0.942,1.434,0.10,0.20,0.17,30.73,-15.56,17.75,-1640,234,-49,-11
[16:11:08] MPU,57667,-1.086,-0.944,1.430,-0.01,0.26,0.23,30.73,-15.56,17.74,-17.23,234,-51,-12
[16:11:08] MPU,57777,-1.086,-0.944,1.430,0.02,0.30,0.18,30.74,-15.56,17.75,-18.09,232,-52,-14
[16:11:08] [Telemetri] Arayüze Gönderildi: {'zaman_damgasi': 57777, 'irtifa': 0.0, 'hiz': 0.0, 'enlem': 0.0, 'boylam': 0.0, 'durum': 'NORMAL', 'zemin_rakimi': 0.0, 'ax': -1.086, 'ay': -0.944, 'az': 1.43, 'gx': 0.02, 'gy': 0.3, 'gz': 0.18, 'sicaklik': 30.74, 'roll': -15.56, 'pitch': 17.75, 'yaw': -18.09, 'mx': 232.0, 'my': -52.0, 'mz': -14.0}
[16:11:08] MPU,57908,-1.085,-0.944,1.435,0.05,0.20,0.27,30.74,-15.56,17.75,-18.68,230,-53,-14
[16:11:08] MPU,58025,-1.087,-0.946,1.429,0.03,0.20,0.20,30.74,-15.55,17.77,-19.10,229,-53,-16
[16:11:08] MPU,58134,-1.086,-0.944,1.432,0.18,0.25,0.24,0.73,-15.55,17.77,-19.58,228,-54,-16
[16:11:08] MPU,58243,-1.084,-0.947,1.433,-0.06,0.31,0.21,30.73,-15.56,17.76,-19.58,228,-54,-16
[16:11:08] MPU,58352,-1.088,-0.945,1.433,0.08,0.26,0.21,30.72,-15.56,17.76,-19.23,228,-53,-16
[16:11:08] MPU,58461,-1.086,-0.947,1.429,0.02,0.32,0.26,30.72,-15.56,17.76,-19.31,229,-54,-15
[16:11:08] MPU,58570,-1.085,-0.946,1.430,0.02,0.32,0.20,30.72,-15.58,17.76,-18.72,231,-53,-15
[16:11:09] MPU,58670,-1.086,-0.945,1.433,0.04,0.33,0.23,30.71,-15.57,17.76,-17.96,232,-52,-13
[16:11:09] MPU,58779,-1.04,-0.947,1.429,-0.01,0.24,0.20,30.71,-15.58,17.76,-17.36,233,-51,-12
[16:11:09] [Telemetri] Arayüze Gönderildi: {'zaman_damgasi': 58779, 'irtifa': 0.0, 'hiz': 0.0, 'enlem': 0.0, 'boylam': 0.0, 'durum': 'NORMAL', 'zemin_rakimi': 0.0, 'ax': -1.04, 'ay': -0.947, 'az': 1.429, 'gx': -0.01, 'gy': 0.24, 'gz': 0.2, 'sicaklik': 30.71, 'roll': -15.58, 'pitch': 17.76, 'yaw': -17.36, 'mx': 233.0, 'my': -51.0, 'mz': -12.0}
[16:11:09] MPU,58888,-1.086,-0.946,1.434,0.07,0.23,0.17,30.72,-15.58,17.76,-16.17,235,-49,-10
[16:11:09] MPU,59022,-1.087,-0.945,1.433,-0.01,0.29,0.23,30.71,-15.58,17.78,-15.94,236,-49,-9
[16:11:09] MPU,59126,-1.086,-0.947,1.432,0.12,0.20,0.24,30.70,-15.59,17.78,-15.70,235,-48,-9
[16:11:09] MPU,59235,-1.088,-0.946,1.437,-0.05,0.28,0.17,30.70,-15.57,17.77,-16.06,236,-49,-10
[16:11:09] MPU,59344,-1.086,-0.948,1.429,0.00,0.23,0.21,30.70,-15.58,17.77,-16.66,235,-50,-11
[16:11:09] MPU,59444,-1.084,-0.945,1.435,0.07,0.23,0.16,30.69,-15.58,17.75,-17.24,234,-51,-12
[16:11:09] MPU,59552,-1.084,-0.945,1.433,-0.05,0.25,0.21,30.69,-15.56,17.75,-17.95,232,-52,-13
[16:11:09] MPU,59652,-1.087,-0.945,1.43,-0.02,0.26,0.20,30.68,-15.58,17.74,-18.69,230,-53,-14
[16:11:10] MPU,59761,-1.086,-0.944,1.433,-0.01,0.29,0.17,30.69,-15.57,17.75,-19.10,229,-53,-16
[16:11:10] [Telemetri] Arayüze Gönderildi: {'zaman_damgasi': 59761, 'irtifa': 0.0, 'hiz': 0.0, 'enlem': 0.0, 'boylam': 0.0, 'durum': 'NORMAL', 'zemin_rakimi': 0.0, 'ax': -1.086, 'ay': -0.944, 'az': 1.433, 'gx': -0.01, 'gy': 0.29, 'gz': 0.17, 'sicaklik': 30.69, 'roll': -15.57, 'pitch': 17.75, 'yaw': -19.1, 'mx': 229.0, 'my': -53.0, 'mz': -16.0}
[16:11:10] MPU,59901,-1.085,-0.947,1.432,-0.01,0.23,0.20,30.69,-15.57,17.75,-19.10,229,-53,-16
[16:11:10] MPU,60025,-1.086,-0.945,1.435,-0.05,0.29,0.20,30.68,-15.57,17.77,-19.60,228,-54,-16
[16:11:10] MPU,60128,-1.085,-0.947,1.429,-0.01,0.30,0.23,30.68,-15.57,17.77,-19.46,229,-54,-16
[16:11:10] MPU,60237,-1.087,-0.944,1.434,0.05,0.25,0.20,30.69,-15.57,17.76,-18.84,230,-53,-15
[16:11:10] MPU,60346,-1.088,-0.947,1.430,-0.04,0.26,0.22,30.68,-15.56,17.76,-18.57,231,-53,-14
[16:11:10] MPU,60455,-1.084,-0.945,1.434,0.09,0.23,0.24,30.67,-15.57,17.76,-17.70,233,-52,-12
[16:11:10] MPU,60555,-1.087,-0.946,1.432,0.04,0.28,0.24,30.68,-15.56,17.76,-16.89,234,-50,-12
[16:11:11] MPU,60663,-1.086,-0.947,1.429,0.02,0.26,0.13,30.67,-15.57,17.76,-16.17,23,-49,-10
[16:11:11] MPU,60763,-1.085,-0.942,1.431,0.01,0.26,.15,30.65,-15.57,17.76,-15.58,236,-48,-9
[16:11:11] [Telemetri] Arayüze Gönderildi: {'zaman_damgasi': 60763, 'irtifa': 0.0, 'hiz': 0.0, 'enlem': 0.0, 'boylam': 0.0, 'durum': 'NORMAL', 'zemin_rakimi': 0.0, 'ax': -1.085, 'ay': -0.942, 'az': 1.431, 'gx': 0.01, 'gy': 0.26, 'gz': 0.15, 'sicaklik': 30.65, 'roll': -15.57, 'pitch': 17.76, 'yaw': -15.58, 'mx': 236.0, 'my': -48.0, 'mz': -9.0}
[16:11:11] MPU,60904,-1.088,-0.946,1.432,0.00,0.26,0.23,30.68,-15.57,17.76,-15.58,236,-48,-9
[16:11:11] MPU61026,-1.087,-0.944,1.432,0.02,0.26,0.16,30.68,-15.57,17.78,-15.72,236,-48,-10
[16:11:11] MPU,61129,-1.086,-0.944,1.430,0.02,0.26,0.26,30.67,-15.56,17.77,-16.90,23,-50,-12
[16:11:11] MPU,61229,-1.084,-0.945,1.431,0.05,0.21,0.22,30.67,-15.57,17.75,-17.61,232,-51,-13
[16:11:11] MPU,61338,-1.088,-0.946,1.432,0.00,0.26,0.22,30.66,-15.57,17.76,-18.10,232,-52,-14
[16:11:11] MPU,61447,-1.086,-0.946,1.433,-0.01,0.24,0.21,30.68,-15.57,17.75,-18.83,230,-53,-15
[16:11:11] MPU,61556,-1.087,-0.944,1.433,0.02,0.25,0.21,30.66,-15.56,17.76,-19.10,229,-53,-16
[16:11:12] MPU,61656,-1.087,-0.944,1.432,0.04,0.22,0.18,30.67,-15.56,17.76,-19.58,228,-54,-16
[16:11:12] MPU,61764,-1.088,-0.945,1.432,-0.01,0.25,0.24,30.66,-15.56,17.76,-19.58,228,-54,-16
[16:11:12] [Telemetri] Arayüze Gönderildi: {'zaman_damgasi': 61764, 'irtifa': 0.0, 'hiz': 0.0, 'enlem': 0.0, 'boylam': 0.0, 'durum': 'NORMAL', 'zemin_rakimi': 0.0, 'ax': -1.088, 'ay': -0.945, 'az': 1.432, 'gx': -0.01, 'gy': 0.25, 'gz': 0.24, 'sicaklik': 30.66, 'roll': -15.56, 'pitch': 17.76, 'yaw': -19.58, 'mx': 228.0, 'my': -54.0, 'mz': -16.0}
[16:11:12] MPU,61905,-1.086,-0.946,1.428,-0.01,0.28,0.17,30.65,-15.56,17.76,-19.10,229,-53,-16
[16:11:12] MPU,62025,-1.084,-0.944,1.431,0.06,0.26,0.23,30.64,-15.56,17.78,-19.32,229,-54,-15
[16:11:12] MPU,62132,-1.088,-0.947,1.429,0.02,0.23,0.19,30.66,-15.56,17.78,-18.45,232,-53,-14
[16:11:12] MPU,62241,-1.089,-0.945,1.433,0.01,0.28,0.21,30.65,-15.56,17.78,-17.85,233,-52,-13
[16:11:12] MPU,62350,-1.086,-0.946,1.432,0.02,0.26,0.21,30.64,-15.56,17.77,-16.89,234,-50,-12
[16:11:12] MPU,62459,-1.085,-0.946,1.430,0.01,0.23,0.21,30.63,-15.57,17.76,-16.30,235,-49,-11
[16:11:12] MPU,62559,-1.08,-0.945,1.431,0.01,0.28,0.16,30.64,-15.57,17.75,-16.16,235,-49,-10
[16:11:13] MPU,62667,-1.086,-0.945,1.431,-0.01,0.30,0.17,30.64,-15.57,17.75,-16.16,235,-49,-10
[16:11:13] MPU,62767,-1.084,-0.944,1.433,-0.01,0.28,0.18,30.64,-15.57,17.74,-16.30,235,-49,-11
[16:11:13] [Telemetri] Arayüze Gönderildi: {'zaman_damgasi': 62767, 'irtifa': 0.0, 'hiz': 0.0, 'enlem': 0.0, 'boylam': 0.0, 'durum': 'NORMAL', 'zemin_rakimi': 0.0, 'ax': -1.084, 'ay': -0.944, 'az': 1.433, 'gx': -0.01, 'gy': 0.28, 'gz': 0.18, 'sicaklik': 30.64, 'roll': -15.57, 'pitch': 17.74, 'yaw': -16.3, 'mx': 235.0, 'my': -49.0, 'mz': -11.0}
[16:11:13] MPU,62908,-1.085,-0.944,1.432,-0.05,0.25,0.21,30.62,-15.57,17.74,-17.23,234,-51,-12
[16:11:13] MPU,63026,-1.086,-0.945,1.432,0.00,0.25,0.21,30.63,-15.57,1776,-17.36,233,-51,-12
[16:11:13] MPU,63133,-1.086,-0.944,1.432,-0.02,0.27,0.16,30.64,-15.57,17.76,-18.57,231,-53,-14
[16:11:13] MPU,63233,-1.084,-0.947,1.433,-0.04,0.26,0.14,30.63,-15.57,17.76,-19.18,230,-54,-15
[16:11:13] MPU,63342,-1.085,-0.946,1.429,-0.02,0.28,0.20,30.62,-15.57,17.76,-19.46,229,-54,-16
[16:11:13] MP,63451,-1.085,-0.945,1.433,0.08,0.25,0.21,30.63,-15.57,17.75,-19.25,229,-53,-17
[16:11:13] MPU,63560,-1.086,-0.945,1.432,0.04,0.33,0.24,30.61,-15.57,17.74,-19.58,228,-54,-16
[16:11:14] MPU,63660,-1.085,-0.946,1.431,0.05,0.24,0.17,0.61,-15.57,17.75,-19.45,229,-54,-16
[16:11:14] MPU,63768,-1.087,-0.946,1.430,0.02,0.24,0.22,30.61,-15.57,17.75,-19.18,230,-54,-15
[16:11:14] [Telemetri] Arayüze Gönderildi: {'zaman_damgasi': 63768, 'irtifa': 0.0, 'hiz': 0.0, 'enlem': 0.0, 'boylam': 0.0, 'durum': 'NORMAL', 'zemin_rakimi': 0.0, 'ax': -1.087, 'ay': -0.946, 'az': 1.43, 'gx': 0.02, 'gy': 0.24, 'gz': 0.22, 'sicaklik': 30.61, 'roll': -15.57, 'pitch': 17.75, 'yaw': -19.18, 'mx': 230.0, 'my': -54.0, 'mz': -15.0}
[16:11:14] MPU,63886,-1.086,-0.943,1.431,0.02,0.24,0.23,30.63,-15.57,17.75,-18.22,231,-52,-14
[16:11:14] MPU,64020,-1.086,-0.945,1.429,-0.01,0.33,0.20,30.61,-15.57,17.78,-17.97,232,-52,-13
[16:11:14] MPU,64125,-1.087,-0.947,1.431,0.04,0.29,0.20,30.60,-15.57,17.77,16.77,24,-50,-11
[16:11:14] MPU,64225,-1.085,-0.945,1.430,0.0,0.29,0.21,30.61,-15.57,17.77,-16.65,235,-50,-11
[16:11:14] MPU,64334,-1.087,-0.946,1.430,0.01,0.26,0.16,30.61,-15.57,17.77,-16.28,234,-49,-10
[16:11:14] MPU,64434,-1.087,-0.97,1.430,-0.02,0.27,0.21,30.59,-15.57,17.77,-16.31,235,-49,-11
[16:11:14] MPU,64542,-1.087,-0.946,1.434,-0.01,0.26,0.27,30.59,-15.57,17.76,-16.76,234,-50,-11
[16:11:14] MPU,64642,-1.086,-0.946,1.436,0.02,0.31,0.20,30.60,-15.57,17.76,-16.90,234,-50,-12
[16:11:15] MPU,64751,-1.085,-0.946,1.435,0.00,0.24,0.20,30.58,-15.57,17.75,-17.49,233,-51,-13
[16:11:15] [Telemetri] Arayüze Gönderildi: {'zaman_damgasi': 64751, 'irtifa': 0.0, 'hiz': 0.0, 'enlem': 0.0, 'boylam': 0.0, 'durum': 'NORMAL', 'zemin_rakimi': 0.0, 'ax': -1.085, 'ay': -0.946, 'az': 1.435, 'gx': 0.0, 'gy': 0.24, 'gz': 0.2, 'sicaklik': 30.58, 'roll': -15.57, 'pitch': 17.75, 'yaw': -17.49, 'mx': 233.0, 'my': -51.0, 'mz': -13.0}
[16:11:15] MPU,64901,-1.086,-0.946,1.430,0.05,0.29,0.24,30.61,-15.58,17.75,-18.57,231,-53,-14
[16:11:15] MPU,65025,-1.088,-0.946,1.431,-0.03,0.28,0.17,30.61,-15.58,17.78,-18.72,231,-53,-15
[16:11:15] MPU,65128,-1.086,-0.945,1.432,0.02,0.30,0.17,30.59,-15.58,17.76,-19.46,229,-54,-16
[16:11:15] MPU,65236,-1.087,-0.947,1.434,0.02,0.29,0.23,30.59,-15.57,17.76,-19.46,229,-54,-16
[16:11:15] MPU,65336,-1.085,-0.945,1.432,0.04,0.23,0.19,30.59,-15.58,17.75,-19.31,229,-54,-15
[16:11:15] MPU,65445,-1.084,-0.9471.430,0.02,0.32,0.22,30.59,-15.58,17.75,-19.31,229,-54,-15
[16:11:15] MPU,65545,-1.084,-0.945,1.429,0.03,0.25,0.16,30.59,-15.58,17.75,-18.49,230,-52,-15
[16:11:16] MPU,65653,-1.087,-0.946,1.429,-0.01,0.26,0.22,30.58,-15.58,17.76,-18.57,231,-53,-14
[16:11:16] MPU,65753,-.086,-0.946,1.434,0.00,0.28,0.15,30.60,-15.57,17.75,-17.84,233,-52,-13
[16:11:16] [Telemetri] Arayüze Gönderildi: {'zaman_damgasi': 65753, 'irtifa': 0.0, 'hiz': 0.0, 'enlem': 0.0, 'boylam': 0.0, 'durum': 'NORMAL', 'zemin_rakimi': 0.0, 'ax': -0.086, 'ay': -0.946, 'az': 1.434, 'gx': 0.0, 'gy': 0.28, 'gz': 0.15, 'sicaklik': 30.6, 'roll': -15.57, 'pitch': 17.75, 'yaw': -17.84, 'mx': 233.0, 'my': -52.0, 'mz': -13.0}
[16:11:16] MPU,65903,-1.084,-0.947,1.433,0.00,0.26,0.20,30.59,-15.57,17.74,-17.35,233,-51,-12
[16:11:16] MPU,66033,-1.085,-0.947,1.434,-0.06,0.27,0.19,30.60,-15.58,17.77,-16.31,235,-49,-11
[16:11:16] MPU,66140,-1.086,-0.947,1.431,-0.05,0.23,0.17,30.59,-15.57,17.77,-16.17,235,-49,-10
[16:11:16] MPU,6629,-1.085,-0.946,1.434,-0.02,0.29,0.21,30.59,-15.56,17.76,-16.27,234,-49,-10
[16:11:16] MPU,66349,-1.088,-0.946,1.432,0.01,0.23,0.21,30.59,-15.56,7.76,-16.76,234,-50,-11
[16:11:16] MPU,66457,-1.086,-0.944,1.433,0.02,0.26,0.17,30.58,-15.56,17.75,-17.35,233,-51,-12
[16:11:16] MPU,66567,-1.087,-0.947,1.431,0.01,0.2,0.17,30.60,-15.56,17.75,-17.95,232,-52,-13
[16:11:17] MPU,66675,-1.084,-0.946,1.434,-0.01,0.23,0.21,30.58,-15.56,17.7,-18.09,232,-52,-14
[16:11:17] MPU,66775,-1.086,-0.945,1.432,0.02,0.24,0.17,30.57,-15.56,17.76,-18.83,230,-53,-15
[16:11:17] [Telemetri] Arayüze Gönderildi: {'zaman_damgasi': 66775, 'irtifa': 0.0, 'hiz': 0.0, 'enlem': 0.0, 'boylam': 0.0, 'durum': 'NORMAL', 'zemin_rakimi': 0.0, 'ax': -1.086, 'ay': -0.945, 'az': 1.432, 'gx': 0.02, 'gy': 0.24, 'gz': 0.17, 'sicaklik': 30.57, 'roll': -15.56, 'pitch': 17.76, 'yaw': -18.83, 'mx': 230.0, 'my': -53.0, 'mz': -15.0}
[16:11:17] MPU,66906,-1.084,-0.944,1.432,0.02,0.28,0.23,30.57,-15.56,17.75,-18.83,230,-53,-15
[16:11:17] MPU,67025,-1.088,-0.945,1.431,-0.01,0.26,0.19,30.57,-15.56,17.78,-19.4,229,-54,-16
[16:11:17] MPU,67132,-1.084,-0.946,1.429,0.01,0.32,0.19,30.57,-15.56,17.77,-19.32,229,-54,-15
[16:11:17] MPU,67241,-1.087,-0.945,1.428,-0.02,0.32,0.21,30.57,-15.57,17.77,-19.19,230,-54,-15
[16:11:17] MPU,67341,-1.088,-0.945,1.435,0.05,0.26,0.25,30.54,-15.57,17.76,-18.71,231,-53,-15
[16:11:17] MPU,67449,-1.085,-0.945,1.432,0.02,0.28,0.21,30.57,-15.57,17.75,-17.95,232,-52,-13
[16:11:17] MPU,67549,-1.085,-0.947,1.432,0.02,0.22,0.20,30.56,-15.57,17.75,-17.49,233,-51,-13
[16:11:18] MPU,67658,-1.087,-0.946,1.431,0.05,0.21,0.21,30.56,-15.57,17.75,-16.89,234,-50,-12
[16:11:18] MPU,67758,-1.084,-0.944,1.431,0.02,0.24,0.21,30.55,-15.57,17.75,-16.62,234,-50,-10
[16:11:18] [Telemetri] Arayüze Gönderildi: {'zaman_damgasi': 67758, 'irtifa': 0.0, 'hiz': 0.0, 'enlem': 0.0, 'boylam': 0.0, 'durum': 'NORMAL', 'zemin_rakimi': 0.0, 'ax': -1.084, 'ay': -0.944, 'az': 1.431, 'gx': 0.02, 'gy': 0.24, 'gz': 0.21, 'sicaklik': 30.55, 'roll': -15.57, 'pitch': 17.75, 'yaw': -16.62, 'mx': 234.0, 'my': -50.0, 'mz': -10.0}
[16:11:18] MPU,67908,-1.083,-0.946,1.431,-0.01,0.29,0.20,30.56,-15.57,17.75,-16.76,234,-50,-11
[16:11:18] MPU,68026,-1.086,-0.945,1.432,0.02,0.20,0.23,30.55,-15.57,17.77,-16.42,234,-49,-11
[16:11:18] MPU,68134,-1.087,-0.946,1.432,0.02,0.31,0.16,30.55,-15.57,17.77,-17.36,233,-51,-12
[16:11:18] MPU,68234,-1.084,-0.946,1.40,-0.03,0.26,0.25,30.55,-15.58,17.76,-17.96,232,-52,-13
[16:11:18] MPU,68342,-1.086,-0.946,1.434,0.02,0.29,0.27,30.56,-15.57,17.76,-18.57,231,-53,-14
[16:11:18] MPU,68442,-1.086,-0.946,1.432,-0.01,0.25,0.21,30.56,-15.57,17.75,-18.83,230,-53,-15
[16:11:18] MPU,68551,-1.084,-0.946,1.435,0.02,0.28,0.25,30.56,-15.58,17.75,-18.96,229,-53,-15
[16:11:18] MPU,68651,-1085,-0.946,1.432,-0.02,0.32,0.19,30.56,-15.58,17.75,-19.31,229,-54,-15
[16:11:19] MPU,68759,-1.086,-0.947,1.430,0.01,0.27,0.21,30.55,-15.58,17.75,-19.59,228,-54,-16
[16:11:19] [Telemetri] Arayüze Gönderildi: {'zaman_damgasi': 68759, 'irtifa': 0.0, 'hiz': 0.0, 'enlem': 0.0, 'boylam': 0.0, 'durum': 'NORMAL', 'zemin_rakimi': 0.0, 'ax': -1.086, 'ay': -0.947, 'az': 1.43, 'gx': 0.01, 'gy': 0.27, 'gz': 0.21, 'sicaklik': 30.55, 'roll': -15.58, 'pitch': 17.75, 'yaw': -19.59, 'mx': 228.0, 'my': -54.0, 'mz': -16.0}
[16:11:19] MPU,68898,-1.084,-0.943,1.432,0.02,0.26,0.18,30.56,-15.58,17.75,-19.31,229,-54,-15
[16:11:19] MPU,69024,-1.084,-0.944,1.430,0.04,0.30,0.19,30.55,-15.57,17.77,-18.84,230,-53,-15
[16:11:19] MPU,69127,-1.086,-0.945,1.432,-0.01,0.23,0.18,30.57,-15.57,17.77,-18.11,232,-52,-14
[16:11:19] MPU,69236,-1.085,-0.944,1.432,-0.01,0.28,0.17,30.55,-15.58,17.76,-17.62,232,-51,-13
[16:11:19] MPU,69345,-1.086,-0.944,1.432,0.00,0.24,0.16,30.55,-15.56,17.76,-17.35,233,-51,-12
[16:11:19] MPU,69454,-1.086,-0.947,1.433,0.01,0.23,0.15,30.55,-15.57,17.75,-16.75,234,-50,-11
[16:11:19] MPU,69554,-1.086,-0.947,1.433,0.02,0.23,0.21,30.55,-15.57,17.75,-16.89,234,-50,-12
[16:11:20] MPU,69662,-1.085,-0.945,1.432,0.05,0.27,0.20,30.54,-15.57,17.75,-17.00,233,-50-12
[16:11:20] MPU,69762,-1.084,-0.944,1.433,0.02,0.27,0.21,30.54,-15.57,17.75,-17.49,233,-51,-13
[16:11:20] [Telemetri] Arayüze Gönderildi: {'zaman_damgasi': 69762, 'irtifa': 0.0, 'hiz': 0.0, 'enlem': 0.0, 'boylam': 0.0, 'durum': 'NORMAL', 'zemin_rakimi': 0.0, 'ax': -1.084, 'ay': -0.944, 'az': 1.433, 'gx': 0.02, 'gy': 0.27, 'gz': 0.21, 'sicaklik': 30.54, 'roll': -15.57, 'pitch': 17.75, 'yaw': -17.49, 'mx': 233.0, 'my': -51.0, 'mz': -13.0}
[16:11:20] MPU,69902,-1.085,-0.945,1.432,-0.02,0.25,0.14,30.54,-15.56,17.75,-17.95,232,-52,-13
[16:11:20] MPU,70026,-1.087,-0.945,1.431,0.02,0.26,0.21,30.56,-15.56,17.77,-18.10,232,-52,-14
[16:11:20] MPU,70129,-1.087,-0.947,1.435,0.02,0.24,0.19,30.53,-15.56,17.77,-19.11,229,-53,-16
[16:11:20] MPU,70238,-1.087,-0.947,1.433,0.01,0.22,0.18,30.56,-15.56,17.76,19.18,230,-54,-15
[16:11:20] MPU,70347,-1.088,-0.945,1.432,0.07,0.26,0.21,30.51,-15.56,17.76,-19.31,229,-54,-15
[16:11:20] MPU,70447,-1.086,-0.946,1.431,0.00,0.26,0.20,30.54,-15.56,17.75,-18.96,229,-53,-15
[16:11:20] MPU,70555,-1.084,-0.947,1.430,0.01,0.25,0.18,30.54,-15.57,17.74,-18.70,231,-53,-15
[16:11:21] MPU,70665,-1.088,-0.946,1.433,-0.05,0.26,0.19,30.53,-15.58,17.75,-18.22,231,-52,-14
[16:11:21] MPU,70773,-1.084,-0.946,1.428,-0.04,0.26,0.20,30.53,-15.58,17.75,-17.84,233,-52,-13
[16:11:21] [Telemetri] Arayüze Gönderildi: {'zaman_damgasi': 70773, 'irtifa': 0.0, 'hiz': 0.0, 'enlem': 0.0, 'boylam': 0.0, 'durum': 'NORMAL', 'zemin_rakimi': 0.0, 'ax': -1.084, 'ay': -0.946, 'az': 1.428, 'gx': -0.04, 'gy': 0.26, 'gz': 0.2, 'sicaklik': 30.53, 'roll': -15.58, 'pitch': 17.75, 'yaw': -17.84, 'mx': 233.0, 'my': -52.0, 'mz': -13.0}
[16:11:21] MPU,70904,-1.085,-0.945,1.434,0.05,0.26,0.21,30.53,-15.57,17.75,-16.76,234,-50,-11
[16:11:21] MPU,71025,-1.088,-0.947,1.433,0.03,0.30,0.18,30.51,-15.57,17.78,-16.66,235,-50,-11
[16:11:21] MPU,71131,-1.087,-0.947,1.433,0.03,0.23,0.22,30.52,-15.57,17.77,-16.18,235,-49,-10
[16:11:21] MPU,71240,-1.086-0.948,1.432,-0.04,026,0.19,30.53,-15.57,17.76,-16.30,235,-49,-11
[16:11:21] MPU,71340,-1.086,-0.946,1.433,0.07,0.22,0.2130.53,-15.58,17.75,-16.76,234,-50,-11
[16:11:21] MPU,71448,-1.087,-0.945,1.432,-0.02,0.31,0.15,30.53,-15.57,17.75,-17.49,233,-51,-13
[16:11:21] MPU,71558,-1.084,-0.945,1.431,0.00,0.27,0.17,30.52,-15.56,17.75,-18.09,232,-52,-14
[16:11:22] MPU,71667,-1.086,-0.945,1.428,-0.05,0.29,0.21,30.51,-15.57,17.74,-18.70,231,-53,-15
[16:11:22] MPU,71776,-1.083,-0.945,1.434,0.04,0.29,0.21,30.51,-15.57,17.74,-18.97,230,-53,-16
[16:11:22] [Telemetri] Arayüze Gönderildi: {'zaman_damgasi': 71776, 'irtifa': 0.0, 'hiz': 0.0, 'enlem': 0.0, 'boylam': 0.0, 'durum': 'NORMAL', 'zemin_rakimi': 0.0, 'ax': -1.083, 'ay': -0.945, 'az': 1.434, 'gx': 0.04, 'gy': 0.29, 'gz': 0.21, 'sicaklik': 30.51, 'roll': -15.57, 'pitch': 17.74, 'yaw': -18.97, 'mx': 230.0, 'my': -53.0, 'mz': -16.0}
[16:11:22] MPU,71907,-1.085,-0.946,1.433,0.04,0.24,0.18,30.49,-15.57,17.74,-19.45,229,-54,-16
[16:11:22] MPU,72026,-1.087,-0.945,1.431,0.01,0.28,0.17,30.52,-15.57,17.77,-19.32,229,-54,-15
[16:11:22] MPU,72133,-1.085,-0.949,1.434,-0.02,0.27,0.15,30.50,-15.57,17.76,-18.96,229,-53,-15
[16:11:22] MPU,72243,-1.086,-0.946,1.432,0.02,0.23,0.21,30.50,-15.57,17.76,-18.96,229,-53,-15
[16:11:22] MPU,72351,-1.088,-0.947,1.434,-0.01,0.26,0.21,30.49,-15.57,17.76,-18.36,231,-52,-15
[16:11:22] MPU,72451,-1.088,-0.947,1.434,0.05,0.30,0.15,30.51,-15.56,17.76,-17.98,233,-52,-14
[16:11:22] MPU,72560,-1.084,-0.945,1.432,0.03,0.27,0.24,30.50,-15.56,17.75,-17.35,233,-51,-12
[16:11:23] MPU,2669,-1.086,-0.947,1.431,0.00,0.30,0.17,30.49,-15.57,17.75,-16.54,234,-49,-12
[16:11:23] MPU,72778,-1.085,-0.944,1.429,0.04,0.30,0.17,30.48,-15.56,17.75,-16.30,235,-49,-11
[16:11:23] [Telemetri] Arayüze Gönderildi: {'zaman_damgasi': 72778, 'irtifa': 0.0, 'hiz': 0.0, 'enlem': 0.0, 'boylam': 0.0, 'durum': 'NORMAL', 'zemin_rakimi': 0.0, 'ax': -1.085, 'ay': -0.944, 'az': 1.429, 'gx': 0.04, 'gy': 0.3, 'gz': 0.17, 'sicaklik': 30.48, 'roll': -15.56, 'pitch': 17.75, 'yaw': -16.3, 'mx': 235.0, 'my': -49.0, 'mz': -11.0}
[16:11:23] MPU,72887,-1.087,-0.947,1.433,0.06,0.24,0.17,30.50,-15.57,17.75,-16.75,234,-50,-11
[16:11:23] MPU,73020,-1.085,-0.946,1.433,0.05,0.29,0.21,30.48,-15.56,17.77,-16.65,235,-50,-11
[16:11:23] MPU,73125,-1.086,-0.945,1.434,0.01,0.25,0.21,30.49,-15.56,17.78,-17.96,232,-52,-13
[16:11:23] MPU,73225,-1.087,-0.946,1.432,0.06,0.23,0.20,30.4,-15.56,17.77,-18.10,232,-52,-14
[16:11:23] MPU,73334,-1.086,-0.946,1.429,0.02,0.2,0.18,30.48,-15.56,17.76,-18.71,231,-53,-15
[16:11:23] MPU,73443,-1.086,-0.944,1.432,0.02,0.28,0.14,30.49,-15.56,17.76,-18.83,230,-53,-15
[16:11:23] MPU,73552,-1.084,-0.947,1.431,0.02,0.24,0.14,30.49,-15.56,17.76,-19.18,230,-54,-15
[16:11:23] MPU,73652,-1.086,-0.946,1.433,0.08,0.26,0.21,30.50,-15.56,17.75,-19.10,229,-53,-16
[16:11:24] MPU,73760,-1.086,-0.944,1.431,0.00,0.21,0.16,30.47,-15.56,17.75,-19.31,229,-54,-15
[16:11:24] [Telemetri] Arayüze Gönderildi: {'zaman_damgasi': 73760, 'irtifa': 0.0, 'hiz': 0.0, 'enlem': 0.0, 'boylam': 0.0, 'durum': 'NORMAL', 'zemin_rakimi': 0.0, 'ax': -1.086, 'ay': -0.944, 'az': 1.431, 'gx': 0.0, 'gy': 0.21, 'gz': 0.16, 'sicaklik': 30.47, 'roll': -15.56, 'pitch': 17.75, 'yaw': -19.31, 'mx': 229.0, 'my': -54.0, 'mz': -15.0}
[16:11:24] MPU,73902,-1.086,-0.947,1.434,0.07,0.24,0.17,30.48,-15.57,17.75,-18.70,231,-53,-15
[16:11:24] MPU,74024,-1.086,-0.945,1.43,-0.05,0.26,0.20,30.49,-15.57,17.77,-18.45,232,-53,-14
[16:11:24] MPU,74128,-1.085,-0.947,1.434,0.03,0.24,0.19,30.49,-15.58,17.77,-17.25,234,-51,-12
[16:11:24] MPU,74236,-1.087,-0.947,1.433,0.00,0.28,0.26,30.47,-15.57,17.76,-16.90,234,-50,-12
[16:11:24] MPU,74336,-1.087,-0.945,1.433,0.08,0.22,0.20,30.48,-15.57,17.76,-16.41,234,-49,-11
[16:11:24] MPU,74445,-1.087,-0.94,1.434,-0.01,0.30,0.19,30.46,-15.56,17.76,-16.75,234,-50,-11
[16:11:24] MPU,74545,-1.084,-0.945,1.431,0.03,0.30,0.12,30.48,-15.57,17.75,-16.89,234,-50,-12
[16:11:25] MPU,74653,-1.085,-0.944,1.430,0.05,0.30,0.19,30.48,-15.57,17.75,-17.24,234,-51,-12
[16:11:25] MPU,74753,-1.086,-0.947,1.434,0.02,0.25,0.19,30.47,-15.56,17.75,-17.95,232,-52,-13
[16:11:25] [Telemetri] Arayüze Gönderildi: {'zaman_damgasi': 74753, 'irtifa': 0.0, 'hiz': 0.0, 'enlem': 0.0, 'boylam': 0.0, 'durum': 'NORMAL', 'zemin_rakimi': 0.0, 'ax': -1.086, 'ay': -0.947, 'az': 1.434, 'gx': 0.02, 'gy': 0.25, 'gz': 0.19, 'sicaklik': 30.47, 'roll': -15.56, 'pitch': 17.75, 'yaw': -17.95, 'mx': 232.0, 'my': -52.0, 'mz': -13.0}
[16:11:25] MPU,74904,-1.087,-0.946,1.432,-0.01,0.33,0.23,30.47,-15.57,17.75,-18.30,232,-53,-13
[16:11:25] MPU,75024,-1.088,-0.947,1.432,-0.02,0.28,0.21,30.47,-15.57,17.78,-18.72,231,-53,-15
[16:11:25] MPU,75130,-1.086,-0.946,1.431,-0.01,.26,0.27,30.47,-15.57,17.77,-19.32,229,-54,-15
[16:11:25] MPU,75239,-1.085,-0.942,1.430,-0.01,0.24,0.22,30.48,-15.57,17.76,-19.45,229,-54,-16
[16:11:25] MPU,75348,-1.086,-0.944,1.431,0.02,0.30,0.17,30.47,-15.57,17.75,-19.45,229,-54,-16
[16:11:25] MPU,75448,-1.087,-0.946,1.433,0.05,0.26,0.18,30.47,-15.57,17.75,-18.69,230,-53,-14
[16:11:25] MPU,75556,-1.085,-0.944,1.430,0.08,0.27,0.22,30.47,-15.56,17.75,-18.56,231,-53,-14
[16:11:26] MPU,75656,-1.088,-0.944,1.431,-0.04,0.24,0.17,30.46,-15.56,17.6,-17.95,232,-52,-13
[16:11:26] MPU,75765,-1.085,-0.944,1.434,0.04,0.24,0.21,30.47,-15.56,17.76,-17.58,234,-52,-12
[16:11:26] [Telemetri] Arayüze Gönderildi: {'zaman_damgasi': 75765, 'irtifa': 0.0, 'hiz': 0.0, 'enlem': 0.0, 'boylam': 0.0, 'durum': 'NORMAL', 'zemin_rakimi': 0.0, 'ax': -1.085, 'ay': -0.944, 'az': 1.434, 'gx': 0.04, 'gy': 0.24, 'gz': 0.21, 'sicaklik': 30.47, 'roll': -15.56, 'pitch': 17.76, 'yaw': -17.58, 'mx': 234.0, 'my': -52.0, 'mz': -12.0}
[16:11:26] MPU,75905,-1.087,-0.945,1.432,0.02,0.24,0.18,30.46,-15.57,17.75,-17.24,234,-51,-12
[16:11:26] MPU,76024,-1.086,-0.946,1.433,-0.01,0.28,0.18,30.47,-15.57,17.78,-16.77,234,-50,-11
[16:11:26] MPU,76132,-1.085,-0.945,1.432,0.04,0.260.19,30.45,-15.57,17.78,-17.25,234,-51,-12
[16:11:26] MPU,76241,-1.085,-0.944,1.434,0.04,0.23,0.17,30.46,-15.57,17.77,-17.25,234,-51,-12
[16:11:26] MPU,76341,-1.086,-0.946,1.430,-0.02,0.25,0.19,30.47,-15.57,17.76,-17.50,233,-51,-13
[16:11:26] MPU,76449,-1.085,-0.947,1.433,0.05,0.28,0.17,30.46,-15.57,17.76,-18.58,232,-53,-15
[16:11:26] MPU,76549,-1.088,-0.944,1.434,-0.01,0.30,0.14,30.46,-15.56,17.75,-18.70,231,-53,-15
[16:11:27] MPU,76658,-1.087,-0.94,1.434,-0.01,0.26,0.20,30.44,-15.56,17.75,-18.70,231,-53,-15
[16:11:27] MPU,76767,-1.083,-0.944,1.432,0.00,0.25,0.17,30.4,-15.56,17.75,-18.83,230,-53,-15
[16:11:27] [Telemetri] Arayüze Gönderildi: {'zaman_damgasi': 76767, 'irtifa': 0.0, 'hiz': 0.0, 'enlem': 0.0, 'boylam': 0.0, 'durum': 'NORMAL', 'zemin_rakimi': 0.0, 'ax': -1.083, 'ay': -0.944, 'az': 1.432, 'gx': 0.0, 'gy': 0.25, 'gz': 0.17, 'sicaklik': 30.4, 'roll': -15.56, 'pitch': 17.75, 'yaw': -18.83, 'mx': 230.0, 'my': -53.0, 'mz': -15.0}
[16:11:27] MPU,76878,-1.085,-0.947,1.432,0.04,0.28,0.17,30.45,-15.57,17.75,-19.18,230,-54,-15
[16:11:27] MPU,77011,-1.086,-0.946,1.431,0.05,0.28,0.23,30.45,-15.56,17.77,-18.57,231,-53,-14
[16:11:27] MPU,77114,-1.085,-0.946,1.433,0.03,0.26,0.17,30.45,-15.56,17.77,-17.96,232,-52,-13
[16:11:27] MPU,77223,-1.085,-0.945,1.433,0.03,0.26,0.21,30.46,-15.57,17.77,-17.50,233,-51,-13
[16:11:27] MPU,77323,-1.086,-0.945,1.433,0.08,0.30,0.22,30.45,-15.56,17.76,-17.24,234,-51,-12
[16:11:27] MPU,77431,-1.088,-0.945,1.432,0.06,0.26,0.22,30.46,-15.56,17.75,-16.75,234,-50,-11
[16:11:27] MPU,77531,-1.086,-0.946,1.430,0.00,0.23,0.19,30.44,-15.56,17.75,-16.64,235,-50,-11
[16:11:27] MPU,77640,-1.085,-0.945,1.432,-0.01,0.27,0.20,30.45,-15.57,17.74,-17.23,234,-51,-12
[16:11:28] MPU,77740,-1.087,-0.947,1.433,0.02,0.21,0.17,30.45,-15.57,17.74,-17.35,233,-51,-12
[16:11:28] [Telemetri] Arayüze Gönderildi: {'zaman_damgasi': 77740, 'irtifa': 0.0, 'hiz': 0.0, 'enlem': 0.0, 'boylam': 0.0, 'durum': 'NORMAL', 'zemin_rakimi': 0.0, 'ax': -1.087, 'ay': -0.947, 'az': 1.433, 'gx': 0.02, 'gy': 0.21, 'gz': 0.17, 'sicaklik': 30.45, 'roll': -15.57, 'pitch': 17.74, 'yaw': -17.35, 'mx': 233.0, 'my': -51.0, 'mz': -12.0}
[16:11:28] MPU,77848,-1.086,-0.947,1.430,-0.04,0.23,0.19,30.44,-15.58,17.75,-17.84,233,-52,-13
[16:11:28] MPU,78004,-1.088,-0.946,1.434,0.03,0.20,0.21,30.44,-15.57,17.76,-18.10,232,-52,-14
[16:11:28] MPU,78106,-1.084,-0.947,1.434,0.05,0.27,0.17,30.43,-15.57,17.77,-18.57,231,-53,-14
[16:11:28] MPU,78216,-1.086,-0.947,1.432,-0.03,0.25,0.17,30.44,-15.57,17.76,-18.71,231,-53,-15
[16:11:28] MPU,78324,-1.084,-0.947,1.434,0.03,0.20,0.17,30.43,-15.56,17.75,-18.83,230,-53,-15
[16:11:28] MPU,78424,-1.087,-0.944,1.431,0.02,0.26,0.19,30.42,-15.56,17.74,-18.70,231,-53,-15
[16:11:28] MPU,7853,-1.085,-0.945,1.432,-0.04,0.26,0.19,30.43,-15.56,17.74,-18.43,232,-53,-14
[16:11:28] MPU,78642,-1.086,-0.946,1.431,-0.01,0.26,0.17,30.42,-15.57,17.75,-18.30,232,-53,-13
[16:11:29] MPU,78751,-1.085,-0.944,1.433,0.04,0.27,0.13,30.42,-15.57,17.74,-17.83,233,-52,-13
[16:11:29] [Telemetri] Arayüze Gönderildi: {'zaman_damgasi': 78751, 'irtifa': 0.0, 'hiz': 0.0, 'enlem': 0.0, 'boylam': 0.0, 'durum': 'NORMAL', 'zemin_rakimi': 0.0, 'ax': -1.085, 'ay': -0.944, 'az': 1.433, 'gx': 0.04, 'gy': 0.27, 'gz': 0.13, 'sicaklik': 30.42, 'roll': -15.57, 'pitch': 17.74, 'yaw': -17.83, 'mx': 233.0, 'my': -52.0, 'mz': -13.0}
[16:11:29] MPU,78851,-1.086,-0.945,1.432,-0.01,0.25,0.18,30.42,-15.57,17.75,-17.35,233,-51,-12
[16:11:29] MPU,78964,-1.087,-0.946,1.432,0.04,0.26,0.18,30.42,-15.57,17.76,-16.89,234,-50,-12
[16:11:29] MPU,79069,-1.087,-0.945,1.435,0.02,0.25,0.15,30.42,-15.56,17.76,-17.24,234,-51,-12
[16:11:29] MPU,79177,-1.086,-0.946,1.435,-0.06,0.22,0.22,30.42,-15.57,17.75,-17.35,233,-51,-12
[16:11:29] MPU,79277,-1.084,-0.944,1.432,0.05,0.27,0.17,30.42,-15.57,17.75,-17.35,233,-51,-12
[16:11:29] MPU,7938,-1.084,-0.946,1.431,-0.01,0.27,0.19,30.43,-15.57,17.74,-17.95,232,-52,-13
[16:11:29] MPU,79496,-1.086,-0.946,1.434,-0.02,0.20,0.20,30.43,-15.56,17.75,-18.44,232,-53,-14
[16:11:29] MPU,79604,-1.085,-0.947,1.432,0.06,0.29,0.17,30.43,-15.57,17.74,-18.56,231,-53,-14
[16:11:30] MPU,79704,-1.085,-0.946,1.433,0.03,0.23,0.18,30.44,-15.57,17.74,-18.70,231,-53,-15
[16:11:30] MPU,79813,-1.085,-0.948,1.433,-0.01,0.25,0.17,30.41,-15.57,17.74,-18.70,231,-53,-15
[16:11:30] [Telemetri] Arayüze Gönderildi: {'zaman_damgasi': 79813, 'irtifa': 0.0, 'hiz': 0.0, 'enlem': 0.0, 'boylam': 0.0, 'durum': 'NORMAL', 'zemin_rakimi': 0.0, 'ax': -1.085, 'ay': -0.948, 'az': 1.433, 'gx': -0.01, 'gy': 0.25, 'gz': 0.17, 'sicaklik': 30.41, 'roll': -15.57, 'pitch': 17.74, 'yaw': -18.7, 'mx': 231.0, 'my': -53.0, 'mz': -15.0}
[16:11:30] MPU,79967,-1.086,-0.945,1.432,0.03,0.25,0.21,30.42,-15.58,17.74,-18.56,231,-53,-14
[16:11:30] MPU,80070,-1.087,-0.945,1.436,-0.05,0.28,0.19,30.43,-15.58,17.76,-18.57,231,-53,-14
[16:11:30] MPU,80180,-1.85,-0.947,1.433,0.04,0.23,0.21,30.40,-15.58,17.75,-17.84,233,-52,-13
[16:11:30] MPU,80289,-1.085,-0.947,1.430,-0.01,0.20,0.19,30.42,-15.58,17.75,-17.35,233,-51,-12
[16:11:30] MPU,80389,-1.086,-0.945,1.434,0.06,0.26,0.18,30.42,-15.58,17.75,-17.24,234,-51,-12
[16:11:30] MPU,80497,-1.086,-0.944,1.432,-0.01,0.25,0.24,30.41,-15.57,17.75,-16.78,235,-50,-12
[16:11:30] MPU,80607,-1.085,-0.945,1.434,0.05,0.20,0.21,30.41,-15.57,17.75,-16.78,235,-50,-12
[16:11:31] MPU,80715,-1.085,-0.945,1.430,0.08,0.21,0.16,30.42,-15.56,17.74,-17.23,234,-51,-12
[16:11:31] MPU,80815,-1.085,-0.945,1.431,-0.01,0.24,0.23,30.42,-15.57,17.74,-17.23,234,-51,-12
[16:11:31] [Telemetri] Arayüze Gönderildi: {'zaman_damgasi': 80815, 'irtifa': 0.0, 'hiz': 0.0, 'enlem': 0.0, 'boylam': 0.0, 'durum': 'NORMAL', 'zemin_rakimi': 0.0, 'ax': -1.085, 'ay': -0.945, 'az': 1.431, 'gx': -0.01, 'gy': 0.24, 'gz': 0.23, 'sicaklik': 30.42, 'roll': -15.57, 'pitch': 17.74, 'yaw': -17.23, 'mx': 234.0, 'my': -51.0, 'mz': -12.0}
[16:11:31] MPU,80918,-1.087,-0.945,1.432,0.03,0.30,0.19,30.42,-15.56,17.74,-17.62,233,-51,-14
[16:11:31] MPU,81026,-1.084,-0.944,1.434,-0.02,0.29,0.16,30.41,-15.56,17.77,-18.45,232,-53,-14
[16:11:31] MPU,81132,-1.086,-0.949,1.434,0.15,0.23,0.19,30.42,-15.57,17.77,-18.72,231,-53,-15
[16:11:31] MPU,81242,-1.087,-0.945,1.434,-0.01,0.23,0.17,30.40,-15.57,17.75,-18.83,230,-53,-15
[16:11:31] MPU,81350,-1.085,-0.946,1.431,0.03,0.28,0.15,30.41,-15.58,17.75,-19.18,230,-54,-15
[16:11:31] MPU,81460,-1.087,-0.945,1.432,0.06,0.25,0.20,30.41,-15.57,17.76,-19.18,230,-54,-15
[16:11:31] MPU,81569,-1.087,-0.946,1.433,.02,0.22,0.17,30.42,-15.57,17.76,-18.43,231,-53,-13
[16:11:32] MPU,81678,-1.086,-0.946,1.433,0.01,0.24,0.14,30.39,-15.57,17.75,-18.57,231,-53,-14
[16:11:32] MPU,81787,-1.083,-0.945,1.433,0.06,0.23,0.1,30.40,-15.57,17.74,-18.09,232,-52,-14
[16:11:32] [Telemetri] Arayüze Gönderildi: {'zaman_damgasi': 81787, 'irtifa': 0.0, 'hiz': 0.0, 'enlem': 0.0, 'boylam': 0.0, 'durum': 'NORMAL', 'zemin_rakimi': 0.0, 'ax': -1.083, 'ay': -0.945, 'az': 1.433, 'gx': 0.06, 'gy': 0.23, 'gz': 0.1, 'sicaklik': 30.4, 'roll': -15.57, 'pitch': 17.74, 'yaw': -18.09, 'mx': 232.0, 'my': -52.0, 'mz': -14.0}
[16:11:32] MPU,81923,-1.087,-0.944,1.435,0.00,0.24,0.17,30.41,-15.56,17.74,-17.49,233,-51,-13
[16:11:32] MPU,82026,-1.087,-0.945,1.431,0.02,0.19,0.20,30.39,-15.56,17.76,-17.24,234,-51,-12
[16:11:32] MPU,82135,-1.087,-0.946,1.436,0.01,0.23,0.17,30.40,-15.56,17.76,-16.89,234,-50,-12
[16:11:32] MPU,82243,-1.086,-0.946,1.431,0.06,0.26,0.19,30.38,-15.56,17.75,-17.24,234,-51,-12
[16:11:32] MPU,82353,-1.088,-0.946,1.434,-0.05,0.26,0.20,30.39,-15.56,17.75,-17.69,233,-52,-12
[16:11:32] MPU,82462,-1.086,-0.945,1.435,0.02,0.23,0.19,30.39,-15.56,17.75,-18.09,232,-52,-14
[16:11:32] MPU,2571,-1.086,-0.944,1.434,0.00,0.25,0.24,30.39,-15.55,17.75,-18.21,231,-52,-14
[16:11:33] MPU,82680,-1.086,-0.947,1.433,0.05,0.26,0.21,30.39,-15.56,17.75,-18.70,231,-53,-15
[16:11:33] MPU,82780,-1.085,-0.946,1.432,0.05,0.21,0.18,30.39,-15.57,17.75,-18.83,230,-53,-15
[16:11:33] [Telemetri] Arayüze Gönderildi: {'zaman_damgasi': 82780, 'irtifa': 0.0, 'hiz': 0.0, 'enlem': 0.0, 'boylam': 0.0, 'durum': 'NORMAL', 'zemin_rakimi': 0.0, 'ax': -1.085, 'ay': -0.946, 'az': 1.432, 'gx': 0.05, 'gy': 0.21, 'gz': 0.18, 'sicaklik': 30.39, 'roll': -15.57, 'pitch': 17.75, 'yaw': -18.83, 'mx': 230.0, 'my': -53.0, 'mz': -15.0}
[16:11:33] MPU,82897,-1.085,-0.944,1.434,-0.03,0.29,0.20,30.39,-15.56,17.75,-18.83,230,-53,-15
[16:11:33] MPU,83024,-1.086,-0.945,1.431,0.01,0.25,0.18,30.38,-15.56,17.77,-18.71,231,-53,-15
[16:11:33] MPU,83127,-1.086,-0.946,1.434,0.06,0.30,0.17,30.3,-15.57,17.76,-18.57,231,-53,-1
[16:11:33] MPU,83235,-1.087,-0.947,1.433,0.05,0.22,0.22,30.38,-15.57,17.75,-18.10,232,-52,-14
[16:11:33] MPU,83335,-1.085,-0.944,1.431,0.03,0.25,0.21,30.37,-15.56,17.75,-17.83,233,-52,-13
[16:11:33] MPU,83444,-1.086,-0.945,1.430,0.00,0.26,0.14,30.37,-15.57,17.75,-17.38,234,-51,-13
[16:11:33] MPU,83544,-1.087,-0.946,1.434,-0.05,0.27,0.16,30.36,-15.57,17.75,-17.24,234,-51,-12
[16:11:34] MPU,83652,-1.085,-0.946,1.433,-0.01,0.25,0.21,30.36,-15.57,17.75,-17.24,234,-51,-12
[16:11:34] MPU,83762,-1.085,-0.947,1.434,-0.10,0.30,0.21,30.37,-15.58,17.75,-16.76,234,-50,-11
[16:11:34] [Telemetri] Arayüze Gönderildi: {'zaman_damgasi': 83762, 'irtifa': 0.0, 'hiz': 0.0, 'enlem': 0.0, 'boylam': 0.0, 'durum': 'NORMAL', 'zemin_rakimi': 0.0, 'ax': -1.085, 'ay': -0.947, 'az': 1.434, 'gx': -0.1, 'gy': 0.3, 'gz': 0.21, 'sicaklik': 30.37, 'roll': -15.58, 'pitch': 17.75, 'yaw': -16.76, 'mx': 234.0, 'my': -50.0, 'mz': -11.0}
[16:11:34] MPU,83902,-1.085,-0.946,1.429,-0.08,0.22,0.19,30.35,-15.58,17.75,-16.90,234,-50,-12
[16:11:34] MPU,84025,-1.088,-0.946,1.433,010,0.23,0.14,30.36,-15.57,17.77,-16.90,234,-50,-12
[16:11:34] MPU,84128,-1.084,-0.945,1433,0.04,0.27,0.15,30.36,-15.58,17.76,-17.25,234,-51,-12
[16:11:34] MPU,84228,-1.084,-0.946,1.432,-0.01,0.25,0.18,30.36,-15.58,17.76,-17.71,233,-52,-12
[16:11:34] MPU,84337,-1.088,-0.945,1.431,0.07,0.24,0.18,30.35,-15.57,17.76,-17.50,233,-51,-13
[16:11:34] MPU,84446,-1.086,-0.945,1.429,-0.02,0.24,0.17,30.37,-15.59,17.76,-17.97,232,-52,-13
[16:11:34] MPU,84555,-1.088,-0.944,1.433,0.05,0.29,0.18,30.37,-15.58,17.75,-17.98,233,-52,-14
[16:11:35] MPU,84655,-1.087,-0.947,1.433,0.02,0.23,0.18,30.36-15.58,17.75,-17.96,232,-52,-13
[16:11:35] MPU,84764,-1.086-0.946,1.435,0.03,0.28,0.24,30.35,-15.57,17.75,-18.57,231,-53,-14
[16:11:35] [Telemetri] Arayüze Gönderildi: {'zaman_damgasi': 84555, 'irtifa': 0.0, 'hiz': 0.0, 'enlem': 0.0, 'boylam': 0.0, 'durum': 'NORMAL', 'zemin_rakimi': 0.0, 'ax': -1.088, 'ay': -0.944, 'az': 1.433, 'gx': 0.05, 'gy': 0.29, 'gz': 0.18, 'sicaklik': 30.37, 'roll': -15.58, 'pitch': 17.75, 'yaw': -17.98, 'mx': 233.0, 'my': -52.0, 'mz': -14.0}
[16:11:35] MPU,84905,-1.086,-0.945,1.433,0.04,0.25,0.19,30.36,-15.57,17.75,-18.83,230,-53,-15
[16:11:35] MPU,85024,-1.087,-0.947,1.432,0.01,0.19,0.21,30.36,-15.57,17.76,-18.84,230,-53,-15
[16:11:35] MPU,85131,-1.085,-0.947,1.432,0.05,0.26,0.23,30.35,-15.57,17.76,-19.31,229,-54,-15
[16:11:35] MPU,85240,-1.087,-0.947,1.431,0.05,0.23,0.17,30.37,-15.58,17.76,-19.32,229,-54,-15
[16:11:35] MPU,85340,-1.085,-0.946,1.430,-0.05,0.24,0.17,30.35,-15.58,17.75,-19.31,229,-54,-15
[16:11:35] MPU,85448,-1.085,-0.945,1.432,0.11,0.28,0.20,30.35,-15.57,17.75,-19.18,230,-54,-15
[16:11:35] MPU,85548,-1.087,-0.946,1.433,-0.05,0.24,0.15,30.36,-15.57,17.75,-18.71,231,-53,-15
[16:11:36] MPU,85657,-1.084,-0.945,1.434,-0.02,0.24,0.22,30.35,-15.56,17.75,-18.56,231,-53,-14
[16:11:36] MPU,85766,-1.087,-0.948,1.434,0.05,0.26,019,30.35,-15.57,17.75,-18.56,231,-53,-14
[16:11:36] [Telemetri] Arayüze Gönderildi: {'zaman_damgasi': 85766, 'irtifa': 0.0, 'hiz': 0.0, 'enlem': 0.0, 'boylam': 0.0, 'durum': 'NORMAL', 'zemin_rakimi': 0.0, 'ax': -1.087, 'ay': -0.948, 'az': 1.434, 'gx': 0.05, 'gy': 0.26, 'gz': 19.0, 'sicaklik': 30.35, 'roll': -15.57, 'pitch': 17.75, 'yaw': -18.56, 'mx': 231.0, 'my': -53.0, 'mz': -14.0}
[16:11:36] MPU,85912,-1.087,-0.946,1.433,0.02,0.21,0.21,30.35,-15.56,17.75,-18.09,232,-52,-14
[16:11:36] MPU,86025,-1.086,-0.947,1.428,-0.03,0.27,0.21,30.34,-15.57,17.78,-17.97,232,-52,-13
[16:11:36] MPU,86133,-1.087,-0.946,1.435,0.03,0.28,0.21,30.34,-15.57,17.78,-17.97,232,-52,-13
[16:11:36] MPU,86233,-1.085,-0.947,1.432,0.04,0.20,0.21,30.34,-15.57,17.77,-17.96,232,-52,-13
[16:11:36] MPU,86341,-1.086,-0.945,1.430,0.03,0.27,0.18,30.36,-15.58,17.77,-17.97,232,-52,-13
[16:11:36] MPU,86451,-1.085,-0.944,1.432,-0.01,0.23,0.18,30.36,-15.57,17.76,-17.96,232,-52,-13
[16:11:36] MPU,86560,-1.086,-0.945,1.433,0.04,0.26,0.18,30.33,-15.58,17.75,-17.84,233,-52,-13
[16:11:37] MPU,86660,-1.088,-0.948,1.431,0.02,0.26,0.19,30.34,-15.57,17.75,-17.84,233,-52,-13
[16:11:37] MPU,86768,-1.085,-0.947,1.432,-0.01,0.26,0.15,30.35,-15.58,17.76,-17.84,233,-52,-13
[16:11:37] [Telemetri] Arayüze Gönderildi: {'zaman_damgasi': 86768, 'irtifa': 0.0, 'hiz': 0.0, 'enlem': 0.0, 'boylam': 0.0, 'durum': 'NORMAL', 'zemin_rakimi': 0.0, 'ax': -1.085, 'ay': -0.947, 'az': 1.432, 'gx': -0.01, 'gy': 0.26, 'gz': 0.15, 'sicaklik': 30.35, 'roll': -15.58, 'pitch': 17.76, 'yaw': -17.84, 'mx': 233.0, 'my': -52.0, 'mz': -13.0}
[16:11:37] MPU,86886,-1.086,-0.947,1.432,0.06,0.30,0.16,30.35,-15.58,17.75,-17.96,232,-52,-13
[16:11:37] MPU,87020,-1.087,-0.944,1.430,0.01,0.28,0.18,30.32,-15.58,17.77,-17.85,233,-52,-13
[16:11:37] MPU,87126,-1.086,-0.947,1.433,0.02,0.31,0.23,30.33,-15.57,17.77,-17.85,233,-52,-13
[16:11:37] MPU,87235,-1.086,-0.948,1.434,0.04,0.29,0.20,30.34,-15.58,17.77,-17.85,233,-52,-13
[16:11:37] MPU,87344,-1.084,-0.946,1.432,-0.02,0.22,0.12,30.33,-15.58,17.76,-17.84,233,-52,-13
[16:11:37] MPU,87453,-1.085,-0.949,1.429,0.02,0.31,0.17,30.34,-15.58,17.75,-17.96,232,-52,-13
[16:11:37] MPU,87553,-1.085,-0.944,1.433,-0.02,0.25,0.15,30.34,-15.58,17.74,-17.96,232,-52,-13
[16:11:38] MPU,87661,-1.085,-0.945,1.429,0.02,0.21,0.20,30.34,-15.57,17.74,-17.60,232,-51,-13
[16:11:38] MPU,87771,-1.084,-0.945,1.430-0.04,0.24,0.17,30.34,-15.57,17.74,-18.09,232,-52,-14
[16:11:38] [Telemetri] Arayüze Gönderildi: {'zaman_damgasi': 87661, 'irtifa': 0.0, 'hiz': 0.0, 'enlem': 0.0, 'boylam': 0.0, 'durum': 'NORMAL', 'zemin_rakimi': 0.0, 'ax': -1.085, 'ay': -0.945, 'az': 1.429, 'gx': 0.02, 'gy': 0.21, 'gz': 0.2, 'sicaklik': 30.34, 'roll': -15.57, 'pitch': 17.74, 'yaw': -17.6, 'mx': 232.0, 'my': -51.0, 'mz': -13.0}
[16:11:38] MPU,87902,-1.085,-0.946,1.433,0.05,0.26,0.20,30.34,-15.58,17.74,-17.74,232,-51,-14
[16:11:38] MPU,88025,-1.085,-0.947,1.431,0.02,0.26,0.24,30.34,-15.58,17.76,-17.73,231,-51,-13
[16:11:38] MPU,88128,-1.085,-0.947,1.433,0.09,0.25,0.22,30.33,-15.57,17.76,-17.96,232,-52,-13
[16:11:38] MPU,88237,-1.085,-0.947,1.431,0.05,0.21,0.21,30.33,-15.57,17.75,-17.96,232,-52,-13
[16:11:38] MPU,88346,-1.087,-0.946,1.431,0.01,0.29,0.23,30.32,-15.57,17.75,-17.96,232,-52,-13
[16:11:38] MPU,88455,-1.085,-0.946,1.431,0.08,0.26,0.19,30.33,-15.57,17.75,-18.10,232,-52,-14
[16:11:38] MPU,88564,-1.085,-0.946,1.431,0.05,0.27,0.20,30.30,-15.56,17.75,-18.10,232,-52,-14
[16:11:39] MPU,88664,-1.084,-0.946,1.431,-0.01,0.23,0.16,30.30,-15.57,17.75,-18.10,232,-52,-14
[16:11:39] MPU,88772,-1.086,-0.946,1.431,0.00,0.25,0.24,30.31,-15.58,17.75,-18.10,232,-52,-14
[16:11:39] [Telemetri] Arayüze Gönderildi: {'zaman_damgasi': 88772, 'irtifa': 0.0, 'hiz': 0.0, 'enlem': 0.0, 'boylam': 0.0, 'durum': 'NORMAL', 'zemin_rakimi': 0.0, 'ax': -1.086, 'ay': -0.946, 'az': 1.431, 'gx': 0.0, 'gy': 0.25, 'gz': 0.24, 'sicaklik': 30.31, 'roll': -15.58, 'pitch': 17.75, 'yaw': -18.1, 'mx': 232.0, 'my': -52.0, 'mz': -14.0}
[16:11:39] MPU,88903,-1.086,-0.944,1.432,0.03,0.33,0.17,30.30,-15.57,17.76,-18.10,232,-52,-14
[16:11:39] MPU,89024,-1.086,-0.946,1.434,0.06,0.27,0.17,30.30,-15.7,17.78,-18.11,232,-52,-14
[16:11:39] MPU,89129,-1.087,-.947,1.433,0.01,0.25,0.21,30.29,-15.57,17.78,-18.09,231,-52,-13
[16:11:39] MPU,89229,-1.086,-0.946,1.431,0.05,0.25,0.21,30.29,-15.58,17.77,-18.23,231,-52,-14
[16:11:39] MPU,89338,-1.087,-0.947,1.432,0.10,0.26,0.11,30.28,-15.58,17.76,-18.11,232,-52,-14
[16:11:39] MPU,89438,-1.086,-0.946,1.434,0.00,0.22,0.18,30.31,-15.57,17.76,-18.10,232,-52,-14
[16:11:39] MPU,89546,-1.085,-0.945,1.432,-0.05,0.26,0.22,30.29,-15.57,17.75,-18.57,231,-53,-14
[16:11:39] MPU,89646,-1.086,-0.947,1.434,0.02,0.28,0.16,30.29,-15.57,17.75,-17.96,232,-52,-13
[16:11:40] MPU,89755,-1.086,-0.948,1.433,0.06,0.29,0.19,30.30,-15.57,17.75,-18.10,232,-52,-14
[16:11:40] [Telemetri] Arayüze Gönderildi: {'zaman_damgasi': 89755, 'irtifa': 0.0, 'hiz': 0.0, 'enlem': 0.0, 'boylam': 0.0, 'durum': 'NORMAL', 'zemin_rakimi': 0.0, 'ax': -1.086, 'ay': -0.948, 'az': 1.433, 'gx': 0.06, 'gy': 0.29, 'gz': 0.19, 'sicaklik': 30.3, 'roll': -15.57, 'pitch': 17.75, 'yaw': -18.1, 'mx': 232.0, 'my': -52.0, 'mz': -14.0}
[16:11:40] MPU,89905,-1.087,-0.946,1.434,0.00,0.23,0.21,30.29,-15.57,17.75,-18.08,231,-52,-13
[16:11:40] MPU,90024,-1.087,-0.948,1.434,0.02,0.30,0.20,30.31,-15.57,17.78,-18.11,232,-52,-14
[16:11:40] MPU,90132,-1.085,-0.947,1.435,0.05,0.23,0.21,30.30,-15.57,17.77,-18.11,232,-52,-14
[16:11:40] MPU,90241,-1.085,-0.947,1.434,-0.01,0.26,0.19,30.29,-15.57,17.76,-18.10,232,-52,-14
[16:11:40] MPU,90350,-1.085,-0.946,1.432,0.03,0.28,0.19,30.28,-15.57,17.76,-18.10,232,-52,-14
[16:11:40] MPU,90459,-1.084,-0.947,1.432,0.05,0.25,0.24,30.29,-15.57,17.75,-17.87,231,-51,-14
[16:11:40] MPU,90568,-1.085,-0.949,1.431,0.02,0.26,0.21,30.27,-15.58,17.76,-17.96,232,-52,-13
[16:11:41] MPU,90668,-1.084,-0.946,1.432,-0.04,0.29,0.22,30.27,-15.58,17.75,-18.22,231,-52,-14
[16:11:41] MPU,90777,-1.083,-0.946,1.429,0.02,0.23,0.19,30.26,-15.58,17.75,-18.08,231,-52,-13
[16:11:41] [Telemetri] Arayüze Gönderildi: {'zaman_damgasi': 90777, 'irtifa': 0.0, 'hiz': 0.0, 'enlem': 0.0, 'boylam': 0.0, 'durum': 'NORMAL', 'zemin_rakimi': 0.0, 'ax': -1.083, 'ay': -0.946, 'az': 1.429, 'gx': 0.02, 'gy': 0.23, 'gz': 0.19, 'sicaklik': 30.26, 'roll': -15.58, 'pitch': 17.75, 'yaw': -18.08, 'mx': 231.0, 'my': -52.0, 'mz': -13.0}
[16:11:41] MPU,90915,-1.086,-0.947,1.433,0.06,0.24,0.21,30.25,-15.58,17.75,-18.22,231,-52,-14
[16:11:41] MPU,91025,-1.087,-0.946,1.433,-0.01,0.21,0.12,30.27,-15.58,17.77,-17.97,232,-52,-13
[16:11:41] MPU,91133,-1.087,-0.947,1.434,-0.03,0.29,0.17,30.27,-15.58,17.76,-18.11,232,-52,-14
[16:11:41] MPU,91233,-1.085,-0.948,1.433,0.01,0.24,0.18,30.26,-15.58,17.76,-18.2,231,-52,-14
[16:11:41] MPU,91342,-1.087,-0.947,1.433,0.04,0.26,0.21,30.25,-15.57,17.75,-18.08,231,-52,-13
[16:11:41] MPU,91442,-1.084,-0.946,1.431,0.04,0.26,0.20,30.26,-15.57,17.75,-18.30,232,-53,-13
[16:11:41] MPU,91550,-1.085,-0.945,1.432,0.00,0.30,0.17,30.26,-15.57,17.75,-18.10,232,-52,-14
[16:11:41] MPU,91650,-1.85,-0.947,1.435,-0.06,0.22,0.17,30.27,-15.57,17.75,-18.22,231,-52,-14
[16:11:42] MPU,91759,-1.085,-0.946,1.430,0.05,0.30,0.21,30.27,-15.58,17.75,-18.57,231,-53,-14
[16:11:42] [Telemetri] Arayüze Gönderildi: {'zaman_damgasi': 91759, 'irtifa': 0.0, 'hiz': 0.0, 'enlem': 0.0, 'boylam': 0.0, 'durum': 'NORMAL', 'zemin_rakimi': 0.0, 'ax': -1.085, 'ay': -0.946, 'az': 1.43, 'gx': 0.05, 'gy': 0.3, 'gz': 0.21, 'sicaklik': 30.27, 'roll': -15.58, 'pitch': 17.75, 'yaw': -18.57, 'mx': 231.0, 'my': -53.0, 'mz': -14.0}
[16:11:42] MPU,91891,-1.085,-0.947,1.433,0.05,0.29,0.20,30.25,-15.57,17.75,-18.45,23,-53,-14
[16:11:42] MPU,92023,-1.087,-0.946,1.432,0.05,0.30,0.21,30.29,-15.57,17.78,-18.46,232,-53,-14
[16:11:42] MPU,92126,-1.087,-0.947,1.433,0.04,0.20,0.20,30.27,-15.57,17.77,-18.57,231,-53,-14
[16:11:42] MPU,92235,-1.085,-0.947,1.434,0.05,0.19,0.18,30.26,-15.57,17.76,-18.79,232,-54,-14
[16:11:42] MPU,92335,-1.086,-0.945,1.434,0.01,0.29,0.20,30.27,-15.57,17.76,-18.92,231,-54,-14
[16:11:42] MPU,92443,-1.088,-0.945,1.430,-0.01,0.26,0.19,30.24,-15.57,17.76,-19.06,231,-54,-15
[16:11:42] MPU,92553,-1.085,-0.945,1.431,-0.01,0.24,0.19,30.26,-15.58,17.75,-18.69,230,-53,-14
[16:11:43] MPU,92661,-1.087,-0.944,1.431,-0.01,0.26,0.21,30.25,-15.58,17.75,-18.57,231,-53,-14
[16:11:43] MPU,92761,-1.086,-0.948,1.432,-0.10,0.27,0.21,30.25,-15.58,17.75,-18.10,232,-52,-14
[16:11:43] [Telemetri] Arayüze Gönderildi: {'zaman_damgasi': 92761, 'irtifa': 0.0, 'hiz': 0.0, 'enlem': 0.0, 'boylam': 0.0, 'durum': 'NORMAL', 'zemin_rakimi': 0.0, 'ax': -1.086, 'ay': -0.948, 'az': 1.432, 'gx': -0.1, 'gy': 0.27, 'gz': 0.21, 'sicaklik': 30.25, 'roll': -15.58, 'pitch': 17.75, 'yaw': -18.1, 'mx': 232.0, 'my': -52.0, 'mz': -14.0}
[16:11:43] MPU,92902,-1.085,-0.947,1.438,-0.17,0.33,0.25,30.25,-15.59,17.74,-18.10,232,-52,-14
[16:11:43] MPU,93024,-1.087,-0.947,1.429,0.05,0.24,0.19,30.24,-15.58,17.76,-17.97,232,-52,-13
[16:11:43] MPU,93128,-1.086,-0.945,1.433,0.02,0.21,0.23,30.26,-15.58,17.77,-17.62,232,-51,-13
[16:11:43] MPU,93228,-1.086,-0.948,1.432,0.04,0.31,0.17,30.25,-15.58,17.77,-17.85,233,-52,-13
[16:11:43] MPU,93336,-1.087,-0.944,1.436,0.08,0.26,0.17,30.6,-15.58,17.77,-17.25,234,-51,-12
[16:11:43] MPU,93446,-1.086,-0.945,1.433,0.38,0.31,0.21,30.24,-15.56,17.76,-17.36,233,-51,-12
[16:11:43] MPU,93555,-1.084,-0.9451.431,0.26,0.25,0.12,30.23,15.56,17.75,-17.35,233,-51,-12
[16:11:44] MPU,93655,-1.087,-0.944,1.435,0.13,0.25,0.23,30.25,-15.56,17.76,-16.89,234,-50,-12
[16:11:44] MPU,93763,-1.085,-0.947,1.431,0.11,0.28,0.17,30.25,-15.56,17.76,-16.40,234,-49,-11
[16:11:44] [Telemetri] Arayüze Gönderildi: {'zaman_damgasi': 93763, 'irtifa': 0.0, 'hiz': 0.0, 'enlem': 0.0, 'boylam': 0.0, 'durum': 'NORMAL', 'zemin_rakimi': 0.0, 'ax': -1.085, 'ay': -0.947, 'az': 1.431, 'gx': 0.11, 'gy': 0.28, 'gz': 0.17, 'sicaklik': 30.25, 'roll': -15.56, 'pitch': 17.76, 'yaw': -16.4, 'mx': 234.0, 'my': -49.0, 'mz': -11.0}
[16:11:44] MPU,93903,-1.084,-0.946,1.432,0.0,0.22,0.16,30.24,-15.57,17.75,-15.82,235,-48,-10
[16:11:44] MU,94024,-1.087,-0.945,1.432,-0.01,0.31,0.24,30.26,-15.57,17.78,-15.34,235,-47,-9
[16:11:44] MPU,9411,-1.086,-0.946,1.433,0.02,0.25,0.17,30.24,-15.58,17.76,-14.28,236,-45,-7
[16:11:44] MPU,94239,-1.089,-0.945,1.431,-0.01,0.27,0.22,30.24,-15.58,17.76,-13.79,236,-44,-6
[16:11:44] MPU,94339,-1.088,-0.945,1.432,-0.02,0.30,0.18,30.25,-15.58,17.76,-13.44,236,-43,-6
[16:11:44] MPU,94448,-1.085,-0.948,1.433,0.00,0.23,0.12,30.22,-15.58,17.75,-12.82,236,-42,-4
[16:11:44] MPU,94557,-1.086,-0.946,1.434,-0.01,0.27,0.20,30.24,-15.57,17.75,-12.41,235,-41,-3
[16:11:45] MPU,94666,-1.087,-0.949,1.434,0.05,0.24,0.18,30.22,-15.58,17.74,-12.05,235,-40,-3
[16:11:45] MPU,94766,-1.085,-0.946,1.435,0.03,032,0.23,30.23,-15.57,17.74,-11.77,234,-39,-3
[16:11:45] [Telemetri] Arayüze Gönderildi: {'zaman_damgasi': 94766, 'irtifa': 0.0, 'hiz': 0.0, 'enlem': 0.0, 'boylam': 0.0, 'durum': 'NORMAL', 'zemin_rakimi': 0.0, 'ax': -1.085, 'ay': -0.946, 'az': 1.435, 'gx': 0.03, 'gy': 32.0, 'gz': 0.23, 'sicaklik': 30.23, 'roll': -15.57, 'pitch': 17.74, 'yaw': -11.77, 'mx': 234.0, 'my': -39.0, 'mz': -3.0}
[16:11:45] MPU,94906,-1.084,-0.946,1.431,-0.01,0.20,0.21,30.23,-15.59,17.75,-11.65,234,-39,-2
[16:11:45] MPU,95025,-1.086,-0.946,1.431,0.04,0.29,0.22,30.23,-15.58,17.77,-11.66,234,-39,-2
[16:11:45] MPU,95133,-1.087,-0.944,1.430,0.00,0.22,0.2,30.24,-15.57,17.77,-11.78,234,-39,-3
[16:11:45] MPU,95233,-1.086,-0.946,1.432,0.05,0.23,0.15,30.23,-15.5,17.76,-12.14,234,-40,-3
[16:11:45] MPU,95341,-1.087,-0.946,1.432,-0.01,0.29,0.21,30.22,-15.57,17.76,-12.42,235,-41,-3
[16:11:45] MPU,95451,-1.086,-0.947,1.436,0.02,0.23,0.21,30.22,-15.58,17.75,-12.55,235,-41,-4
[16:11:45] MPU,95559,-1.086,-0.944,1.432,-0.02,0.25,0.17,30.21,-15.58,17.76,-12.55,235,-41,-4
[16:11:46] MPU,95659,-1.087,-0.946,1.432,0.03,0.26,0.21,30.23,-15.57,17.75,-12.54,235,-41,-4
[16:11:46] MPU,95768,-1.086,-0.943,1.430,-0.11,0.29,0.16,30.23,-15.57,17.75,-12.41,235,-41,-3
[16:11:46] [Telemetri] Arayüze Gönderildi: {'zaman_damgasi': 95768, 'irtifa': 0.0, 'hiz': 0.0, 'enlem': 0.0, 'boylam': 0.0, 'durum': 'NORMAL', 'zemin_rakimi': 0.0, 'ax': -1.086, 'ay': -0.943, 'az': 1.43, 'gx': -0.11, 'gy': 0.29, 'gz': 0.16, 'sicaklik': 30.23, 'roll': -15.57, 'pitch': 17.75, 'yaw': -12.41, 'mx': 235.0, 'my': -41.0, 'mz': -3.0}
[16:11:46] MPU,95892,-1.085,-0.947,1.431,-0.01,0.27,0.19,30.20,-15.58,17.75,-12.54,235,-41,-4
[16:11:46] MPU,96023,-1.087,-0.946,1.432,0.02,0.25,0.16,30.21,-15.58,17.77,-12.42,235,-41,-3
[16:11:46] MPU,96125,-1.083,-0.947,1.431,-0.02,0.20,0.21,30.21,-15.58,17.77,-12.47,236,-41,-4
[16:11:46] MPU,96225,-1.086,-0.946,1.436,0.03,0.27,0.20,30.22,-15.57,17.76,-12.55,235,-41,-4
[16:11:46] MPU,96333,-1.086,-0.948,1.433,-0.05,0.23,0.17,30.21,-15.58,17.76,-12.42,235,-41,-3
[16:11:46] MPU,96433,-1.087,-0.946,1.433,0.09,0.26,0.19,30.23,-15.58,17.75,-12.19,235,-40,-4
[16:11:46] MPU,96542,-1.087,-0.944,1.431,-0.02,0.26,0.21,30.21,15.57,1.75,-12.41,235,-41,-3
[16:11:46] MPU,96642,-1.086,-0.948,1.430,-0.03,0.26,0.17,30.21,-15.57,17.76,-12.55,235,-41,-4
[16:11:47] MPU,96750,-1.087,-0.946,1.433,0.05,0.27,0.17,30.22,-15.57,17.76,-12.33,236,-41,-3
[16:11:47] [Telemetri] Arayüze Gönderildi: {'zaman_damgasi': 96750, 'irtifa': 0.0, 'hiz': 0.0, 'enlem': 0.0, 'boylam': 0.0, 'durum': 'NORMAL', 'zemin_rakimi': 0.0, 'ax': -1.087, 'ay': -0.946, 'az': 1.433, 'gx': 0.05, 'gy': 0.27, 'gz': 0.17, 'sicaklik': 30.22, 'roll': -15.57, 'pitch': 17.76, 'yaw': -12.33, 'mx': 236.0, 'my': -41.0, 'mz': -3.0}
[16:11:47] MPU,96901,-1.086,-0.946,1.430,0.00,0.20,0.17,30.22,-15.57,17.76,-12.41,235,-41,-3
[16:11:47] MPU,97025,-1.086,-0.947,1.430,0.02,0.33,0.20,30.21,-15.57,17.79,-12.56,235,-41,-4
[16:11:47] MPU,97128,-1.085,-0.945,1.436,-0.05,0.30,0.17,30.21,-15.57,17.77,-12.19,235,-40,-4
[16:11:47] MPU,97236,-1.086,-0.945,1.434,-0.04,0.26,0.18,30.21,-15.56,17.76,-12.41,235,-41,-3
[16:11:47] MPU,97336,-1.087,-0.946,1.436,0.00,0.25,0.24,30.22,-15.56,17.76,-12.19,235,-40,-4
[16:11:47] MPU,97445,-1.089,-0.947,1.434,0.04,0.23,0.16,30.21,-15.57,17.76,-12.42,235,-41,-3
[16:11:47] MPU,97545,-1.086,-0.944,1.434,0.06,0.23,0.16,30.21,-15.58,17.75,-12.19,235,-40,-4
[16:11:48] MPU,97653,-1.084,-0.946,1.430,0.03,0.26,0.17,30.21,-15.57,17.75,-12.41,235,-41,-3
[16:11:48] MPU,97753,-1.084,-0.946,1.434,0.02,0.25,0.20,30.19,-15.57,17.74,-12.41,235,-41,-3
[16:11:48] [Telemetri] Arayüze Gönderildi: {'zaman_damgasi': 97753, 'irtifa': 0.0, 'hiz': 0.0, 'enlem': 0.0, 'boylam': 0.0, 'durum': 'NORMAL', 'zemin_rakimi': 0.0, 'ax': -1.084, 'ay': -0.946, 'az': 1.434, 'gx': 0.02, 'gy': 0.25, 'gz': 0.2, 'sicaklik': 30.19, 'roll': -15.57, 'pitch': 17.74, 'yaw': -12.41, 'mx': 235.0, 'my': -41.0, 'mz': -3.0}
[16:11:48] MPU,97904,-1.085,-0.946,1.431,0.03,0.25,0.21,30.20,-15.57,17.74,-12.45,236,-41,-4
[16:11:48] MPU,98025,-1.087,-0.948,1.430,0.06,0.33,0.17,30.21,-15.57,17.77,-12.47,236,-41,-4
[16:11:48] MPU,98129,-1.087,-0.946,1.430,0.05,0.24,0.19,30.21,-15.58,17.77,-12.42,235,-41,-3
[16:11:48] MPU,98229,-1.088,-0.9471.431,-0.07,0.30,0.21,30.20,-15.58,17.76,-12.55,235,-41,-4
[16:11:48] MPU,98338,-1.084,-0.947,1.434,0.05,0.26,0.17,30.20,-15.58,17.76,-12.42,235,-41,-3
[16:11:48] MPU,98438,-1.087,-0.945,1.435,0.05,0.27,0.22,30.19,-15.57,17.76,-12.55,235,-41,-4
[16:11:48] MPU,98546,-1.085,-0.946,1.430,-0.03,0.31,0.15,30.19,-15.57,17.76,-12.55,235,-41,-4
[16:11:48] MPU,98646,-1.087,-0.946,1.431,0.01,0.28,0.17,30.18,-15.57,17.76,-12.54,235,-41,-4
[16:11:49] MPU,98755,-1.085,-0.946,1.434,-0.04,0.24,0.19,30.20,-15.57,17.75,-12.54,235,-41,-4
[16:11:49] [Telemetri] Arayüze Gönderildi: {'zaman_damgasi': 98755, 'irtifa': 0.0, 'hiz': 0.0, 'enlem': 0.0, 'boylam': 0.0, 'durum': 'NORMAL', 'zemin_rakimi': 0.0, 'ax': -1.085, 'ay': -0.946, 'az': 1.434, 'gx': -0.04, 'gy': 0.24, 'gz': 0.19, 'sicaklik': 30.2, 'roll': -15.57, 'pitch': 17.75, 'yaw': -12.54, 'mx': 235.0, 'my': -41.0, 'mz': -4.0}
[16:11:49] MPU,98906,-1.085,-0.947,1.433,-0.03,0.24,0.20,30.20,-15.57,17.76,-12.41,235,-41,-3
[16:11:49] MPU,99024,-1.086,-0.946,1.434,0.04,0.30,0.15,30.19,-15.57,17.78,-12.56,235,-41,-4
[16:11:49] MPU,99132,-1.087,-0.944,1.431,0.03,0.18,0.16,30.19,-15.57,17.78,-12.42,235,-41,-3
[16:11:49] MPU,99241,-1.087,-0.945,1.433,0.03,0.25,0.19,30.19,-15.57,17.77-12.42,235,-41,-3
[16:11:49] MPU,99341,-1.086,-0.947,1.432,0.02,0.24,0.15,30.19,-15.57,17.76,-12.55,235,-41,-4
[16:11:49] MPU,99449,-1.085,-0.945,1.434,0.01,0.26,0.17,30.17,-15.57,17.76,-12.41,235,-41,-3
[16:11:49] MPU,99549,-1.087,-0.947,1.434,0.01,0.21,0.24,30.18,-15.57,17.76,-12.54,235,-41,-4
[16:11:50] MPU,99658,-1.087,-0.947,1.432,0.05,0.26,0.21,30.19,-15.57,17.75,-12.54,235,-41,-4
[16:11:50] MPU,99758,-1.088,-0.946,1.434,0.02,0.26,0.15,30.19,-15.57,17.75,-12.54,235,-41,-4
[16:11:50] [Telemetri] Arayüze Gönderildi: {'zaman_damgasi': 99758, 'irtifa': 0.0, 'hiz': 0.0, 'enlem': 0.0, 'boylam': 0.0, 'durum': 'NORMAL', 'zemin_rakimi': 0.0, 'ax': -1.088, 'ay': -0.946, 'az': 1.434, 'gx': 0.02, 'gy': 0.26, 'gz': 0.15, 'sicaklik': 30.19, 'roll': -15.57, 'pitch': 17.75, 'yaw': -12.54, 'mx': 235.0, 'my': -41.0, 'mz': -4.0}
[16:11:50] MPU,99879,-1.084,-0.946,1.434,0.01,0.27,0.19,30.19,-15.57,17.75,-12.54,235,-41,-4
[16:11:50] MPU,100013,-1.088,-0.948,1.432,0.05,0.30,0.16,30.18,-15.57,17.78,-12.42,235,-41,-3
[16:11:50] MPU,100115,-1.084,-0.946,1.433,0.01,0.26,0.16,30.17,-15.57,17.77,-12.55,235,-41,-4
[16:11:50] MPU,100224,-1.088,-0.947,1.432,0.01,0.28,0.17,30.17,-15.57,17.77,-12.47,236,-41,-4
[16:11:50] MPU,100333,-1.086,-0.948,1.434,-0.04,0.26,0.17,30.17,-15.58,17.76,-12.55,235,-41,-4
[16:11:50] MPU,100443,-1.086,-0.948,1.429,-0.02,0.25,0.21,30.17,-15.58,17.75,-12.55,235,-41,-4
[16:11:50] MPU,100551,-1.085,-0.947,1.433,-0.01,0.25,0.18,30.17,-15.58,17.75,-12.06,235,-40,-3
[16:11:50] MPU,100651,-1.086,-0.946,1.432,0.05,0.29,0.14,30.16,-15.58,17.75,-12.55,235,-41,-4
[16:11:51] MPU,100760,-1.086,-0.948,1.431,0.05,0.25,0.19,30.17,-15.57,17.76,-12.55,235,-4,-4
[16:11:51] [Telemetri] Arayüze Gönderildi: {'zaman_damgasi': 100760, 'irtifa': 0.0, 'hiz': 0.0, 'enlem': 0.0, 'boylam': 0.0, 'durum': 'NORMAL', 'zemin_rakimi': 0.0, 'ax': -1.086, 'ay': -0.948, 'az': 1.431, 'gx': 0.05, 'gy': 0.25, 'gz': 0.19, 'sicaklik': 30.17, 'roll': -15.57, 'pitch': 17.76, 'yaw': -12.55, 'mx': 235.0, 'my': -4.0, 'mz': -4.0}
[16:11:51] MPU,100900,-1.085,-0.945,1.432,-0.01,0.25,0.14,30.17,-15.57,17.75,-12.55,35,-41,-4
[16:11:51] MPU,101024,-1.087,-0.946,1.430,0.05,0.25,0.21,30.16,-15.57,17.78,-12.42,235,-41,-3
[16:11:51] MPU,101127,-1.084,-0.947,1.434,0.05,0.30,0.17,30.16,-15.57,17.77,-12.19,235,-40,-4
[16:11:51] MPU,101236,-1.087,-0.947,1.434,0.02,0.23,0.20,30.16,-15.58,17.76,-12.55,235,-41,4
[16:11:51] MPU,101336,-1.086,-0.945,1.433,-0.04,0.23,0.17,30.16,-15.57,17.75,-12.77,235,-42,-3
[16:11:51] MPU,101444,-1.089,-0.944,1.432,0.00,0.33,0.21,30.15,-15.57,17.75,-12.54,235,-41,-4
[16:11:51] MPU,101554,-1.086,-0.945,1.432,0.00,0.26,0.21,30.16,-15.57,17.75,-12.54,235,-41,-4
[16:11:52] MPU,101663,-1.083,-0.947,1.429,-0.02,0.29,0.17,30.15,-15.57,17.75,-12.33,236,-41,-3
[16:11:52] MPU,101763,-1.087,-0.945,1.434,0.02,0.27,0.19,30.19,-15.58,17.75,-12.55,235,-41,-4
[16:11:52] [Telemetri] Arayüze Gönderildi: {'zaman_damgasi': 101763, 'irtifa': 0.0, 'hiz': 0.0, 'enlem': 0.0, 'boylam': 0.0, 'durum': 'NORMAL', 'zemin_rakimi': 0.0, 'ax': -1.087, 'ay': -0.945, 'az': 1.434, 'gx': 0.02, 'gy': 0.27, 'gz': 0.19, 'sicaklik': 30.19, 'roll': -15.58, 'pitch': 17.75, 'yaw': -12.55, 'mx': 235.0, 'my': -41.0, 'mz': -4.0}
[16:11:52] MPU,101903,-1.084,-0.945,1.431,0.02,0.26,0.17,30.14,-15.58,17.75,-12.46,236,-41,-4
[16:11:52] MPU,102026,-1.085,-0.945,1.434,-0.02,0.23,0.19,30.16,-15.58,17.77,-12.56,235,-41,-4
[16:11:52] MPU,102129,-1.088,-0.944,1.433,0.04,0.24,0.21,30.15,-15.57,17.77,-12.91,235,-42,-4
[16:11:52] MPU,102239,-1.086,-0.946,1.433,0.04,0.23,0.22,30.17,-15.57,17.77,-12.91,235,-42,-4
[16:11:52] MPU,102347,-1.086,-0.946,1.434,0.04,0.26,0.17,30.15,-15.57,17.76,-12.55,235,-41,-4
[16:11:52] MPU,102447,-1.085,-0.947,1.431,0.02,0.25,0.22,30.16,-15.58,17.76,-12.33,236,-41,-3
[16:11:52] MPU,102556,-1.085,-0.946,1.431,-0.02,0.25,0.18,30.16,-15.57,17.76,-12.55,235,-41,-4
[16:11:53] MPU,102656,-1.088,-0.947,1.434,-0.09,0.25,0.19,30.15,-15.57,17.75,-12.41,235,-41,-3
[16:11:53] MPU,102764,-1.086,-0.947,1.432,0.05,0.26,0.17,30.15,-15.57,17.75,-1255,235,-41,-4
[16:11:53] [Telemetri] Arayüze Gönderildi: {'zaman_damgasi': 102764, 'irtifa': 0.0, 'hiz': 0.0, 'enlem': 0.0, 'boylam': 0.0, 'durum': 'NORMAL', 'zemin_rakimi': 0.0, 'ax': -1.086, 'ay': -0.947, 'az': 1.432, 'gx': 0.05, 'gy': 0.26, 'gz': 0.17, 'sicaklik': 30.15, 'roll': -15.57, 'pitch': 17.75, 'yaw': -1255.0, 'mx': 235.0, 'my': -41.0, 'mz': -4.0}
[16:11:53] MPU,102905,-1.086,-0.945,1.433,-0.02,0.23,0.21,30.14,-15.57,17.75,-12.41,235,-41,-3
[16:11:53] MPU,103025,-1.087,-0.946,1.432,0.00,0.200.17,30.15,-15.57,17.77,-12.55,235,-41,-4
[16:11:53] MPU,103132,-1.086,-0.946,1.435,0.05,0.23,0.16,30.14,-15.57,1.76,-12.55,235,-41,-4
[16:11:53] MPU,103241,-1.087,-0.947,1.435,-0.02,0.33,0.20,30.15,-15.57,17.76,-12.55,235,-41,-4
[16:11:53] MPU,103350,-1.088,-0.946,1.431,0.04,0.30,0.17,30.15,-15.57,17.76,-12.55,235,-41,-4
[16:11:53] MPU,103459,-1.086,-0.946,1.433,-0.03,0.23,0.16,30.14,-15.57,17.75,-12.54,235,-41,-4
[16:11:53] MPU,103559,-1.089,-0.945,1.433,-0.01,0.23,0.16,30.15,-15.57,17.75,-12.33,236,-41,-3
[16:11:54] MPU,103667,-1.083,-0.945,1.433,-.01,0.25,0.21,30.14,-15.56,17.75,-12.46,236,-41,-4
[16:11:54] MPU,103767,-1.086,-0.945,1.433,-0.01,0.25,0.20,30.17,-15.57,17.75,-12.54,235,-41,-4
[16:11:54] [Telemetri] Arayüze Gönderildi: {'zaman_damgasi': 103767, 'irtifa': 0.0, 'hiz': 0.0, 'enlem': 0.0, 'boylam': 0.0, 'durum': 'NORMAL', 'zemin_rakimi': 0.0, 'ax': -1.086, 'ay': -0.945, 'az': 1.433, 'gx': -0.01, 'gy': 0.25, 'gz': 0.2, 'sicaklik': 30.17, 'roll': -15.57, 'pitch': 17.75, 'yaw': -12.54, 'mx': 235.0, 'my': -41.0, 'mz': -4.0}
[16:11:54] MPU,103869,-1.086,-0.946,1.432,0.06,0.29,0.22,30.14,-15.57,17.75,-12.54,235,-41,-4
[16:11:54] MPU,104003,-1.089,-0.944,1.431,-0.01,0.26,0.21,30.13,-15.57,17.77,-12.55,235,-41,-4
[16:11:54] MPU,104104,-1.088,-0.945,1.430-0.02,0.26,0.23,30.13,-15.57,17.78,-12.56,235,-41,-4
[16:11:54] MPU,104204,-1.086,-0.946,1.434,-0.01,0.23,0.20,30.14,-15.57,17.77,-12.55,235,-41,-4
[16:11:54] MPU,104312,-1.088,-0.946,1.433,0.04,0.22,0.21,30.14,-15.57,17.76,-12.42,235,-41,-3
[16:11:54] MPU,104412,-1.086,-0.947,1.436,0.07,0.29,0.15,30.14,-15.58,17.76,-12.55,235,-41,-4
[16:11:54] MPU,104521,-1.086,-0.946,1.433,0.06,0.25,0.16,30.14,-15.57,17.76,-12.55,235,-41,-4
[16:11:54] MPU,104621,-1.085,-0.948,1.433,-0.01,0.29,0.18,30.14,-15.58,17.75,-12.55,235,-41,-4
[16:11:55] MPU,104729,-1.087,-0.944,1.430,0.02,0.30,0.18,30.13,-15.57,17.76,-12.42,235,-41,-3
[16:11:55] MPU,104839,-1.087,-0.944,1.432,0.03,0.23,0.17,30.14,-15.57,17.75,-12.18,235,-40,-4
[16:11:55] [Telemetri] Arayüze Gönderildi: {'zaman_damgasi': 104839, 'irtifa': 0.0, 'hiz': 0.0, 'enlem': 0.0, 'boylam': 0.0, 'durum': 'NORMAL', 'zemin_rakimi': 0.0, 'ax': -1.087, 'ay': -0.944, 'az': 1.432, 'gx': 0.03, 'gy': 0.23, 'gz': 0.17, 'sicaklik': 30.14, 'roll': -15.57, 'pitch': 17.75, 'yaw': -12.18, 'mx': 235.0, 'my': -40.0, 'mz': -4.0}
[16:11:55] MPU,104940,-1.085,-0.946,1.435,0.06,0.24,0.20,30.13,-15.57,17.75,-12.18,235,-40,-4
[16:11:55] MPU,105047,-1.086,-.947,1.433,0.00,0.27,0.14,30.14,-15.58,17.77,-12.55,235,-41,-4
[16:11:55] MPU,105156,-1.086,-0.945,1.436,0.08,0.30,0.17,30.11,-15.57,17.76,-12.55,235,-41,-4
[16:11:55] MPU,105266,-1.085,-0.947,1.435,0.04,0.27,0.21,30.13,-15.57,17.77,-12.55,235,-41,-4
[16:11:55] MPU,105374,-1.086,-0.945,1.437,0.02,0.28,0.20,30.13,-15.57,17.75,-12.41,235,-41,-3
[16:11:55] MPU,105474,-1.086,-0.945,1.432,0.02,0.26,0.17,30.13,-15.57,7.75,-12.41,235,-41,-3
[16:11:55] MPU,105583,-1.087,-0.943,1.432,0.05,0.28,0.17,30.12,-15.56,1.75,-12.54,235,-41,-4
[16:11:56] MPU,105692,-1.087,-0.946,1.433,0.01,0.28,0.17,30.12,-15.56,17.75,-12.54,235,-41,-4
[16:11:56] MPU,105801,-1.086,-0.943,1.432,0.04,0.23,0.20,30.13,-15.57,17.75,-12.46,236,-41,-4
[16:11:56] [Telemetri] Arayüze Gönderildi: {'zaman_damgasi': 105801, 'irtifa': 0.0, 'hiz': 0.0, 'enlem': 0.0, 'boylam': 0.0, 'durum': 'NORMAL', 'zemin_rakimi': 0.0, 'ax': -1.086, 'ay': -0.943, 'az': 1.432, 'gx': 0.04, 'gy': 0.23, 'gz': 0.2, 'sicaklik': 30.13, 'roll': -15.57, 'pitch': 17.75, 'yaw': -12.46, 'mx': 236.0, 'my': -41.0, 'mz': -4.0}
[16:11:56] MPU,105915,-1.087,-0.945,1.432,0.02,0.26,0.21,30.13,-15.57,17.75,-12.18,235,-40,-4
[16:11:56] MPU,106025,-1.08,-0.947,1.431,0.02,0.23,0.21,30.13,-15.56,17.77,-12.46,236,-41,-4
[16:11:56] MPU,106129,-1.087,-.947,1.432,-0.01,0.28,0.17,30.13,-15.57,17.77,-12.47,236,-41,-4
[16:11:56] MPU,106238,-1.086,-0.947,1.432,0.00,0.26,0.14,30.12,-15.57,17.77,-12.55,235,41,-4
[16:11:56] MPU,106347,-1.086,-0.949,1.433,0.00,0.26,0.14,30.11,-15.58,17.76,-12.47,236,-41,-4
[16:11:56] MPU106457,-1.085,-0.947,1.432,-0.04,0.23,0.28,30.12,-15.58,17.76,-12.82,236,-42,-4
[16:11:56] MPU,106565,-1.086,-0.947,1.432,-0.01,0.23,0.17,30.13,-15.58,17.75,-12.46,236,-41,-4
[16:11:57] MPU,106675,-1.086,-0.946,1.432,0.03,0.20,0.19,30.11,-15.58,17.74,-12.46,236,-41,-4
[16:11:57] MPU,10684,-1.085,-0.946,1.434,.05,0.33,0.17,30.12,-15.58,17.74,-12.90,235,-42,-4
[16:11:57] [Telemetri] Arayüze Gönderildi: {'zaman_damgasi': 10684, 'irtifa': 0.0, 'hiz': 0.0, 'enlem': 0.0, 'boylam': 0.0, 'durum': 'NORMAL', 'zemin_rakimi': 0.0, 'ax': -1.085, 'ay': -0.946, 'az': 1.434, 'gx': 0.05, 'gy': 0.33, 'gz': 0.17, 'sicaklik': 30.12, 'roll': -15.58, 'pitch': 17.74, 'yaw': -12.9, 'mx': 235.0, 'my': -42.0, 'mz': -4.0}
[16:11:57] MPU,106905,-1.086,-0.948,1.433,-0.01,0.26,0.21,30.11,-15.58,17.75,-12.46,236,-41,-4
[16:11:57] MPU,107026,-1.084,-0.944,1.432,-0.06,0.25,0.15,30.10,-15.59,17.77,-12.91,235,-42,-4
[16:11:57] MPU,107131,-1.086,-0.944,1.433,-0.01,0.25,0.22,30.10,-15.58,17.77,-12.82,236,-42,-4
[16:11:57] MPU,107231,-1.084,-0.946,1.431,-0.02,0.27,0.18,30.11,-15.58,17.76,-12.82,236,-42,-4
[16:11:57] MPU,107340,-1.086,-0.946,1.435,0.01,0.26,0.17,30.10,-15.58,17.76,-12.82,236,-42,-4
[16:11:57] MPU,107449,-1.086,-0.947,1.433,-0.06,0.30,0.16,30.10,-15.58,17.76,-12.82,236,-42,-4
[16:11:57] MPU,107558,-1.087,-0.947,1.431,0.01,0.26,0.21,30.10,-15.58,17.76,-12.47,236,-41,-4
[16:11:58] MPU,107658,-1.086,-0.946,1.433,0.07,0.26,0.24,30.10,-15.58,17.75,-12.82,236,-42,-4
[16:11:58] MPU,107766,-1.084,-0.946,1.434,0.05,0.31,0.22,30.10,-15.58,17.75,12.95,26,-42,-5
[16:11:58] [Telemetri] Arayüze Gönderildi: {'zaman_damgasi': 107766, 'irtifa': 0.0, 'hiz': 0.0, 'enlem': 0.0, 'boylam': 0.0, 'durum': 'NORMAL', 'zemin_rakimi': 0.0, 'ax': -1.084, 'ay': -0.946, 'az': 1.434, 'gx': 0.05, 'gy': 0.31, 'gz': 0.22, 'sicaklik': 30.1, 'roll': -15.58, 'pitch': 17.75, 'yaw': 12.95, 'mx': 26.0, 'my': -42.0, 'mz': -5.0}
[16:11:58] MPU,107907,-1.084,-0.945,1.429,0.05,0.28,0.21,30.10,-15.58,17.75,-12.82,236,-42,-4
[16:11:58] MPU,108034,-1.086,-0.947,1.433,0.02,0.28,0.17,30.09,-15.58,17.77,-12.96,236,-42,-5
[16:11:58] MPU,108134,-1.087,-0.947,1.431,0.01,0.28,0.22,30.09,-15.58,17.77,-12.83,236,-42,4
[16:11:58] MPU,108243,-1.087,-0.944,1.435,0.05,0.26,0.17,30.09,-15.57,17.76,-1295,236,-42,-5
[16:11:58] MPU,108343,-1.085,-0.945,1.430,0.02,0.23,0.20,30.07,-15.58,17.76,-12.82,236,-42,-4
[16:11:58] MPU,108451,-1.085,-0.946,1.432,0.02,0.27,0.22,30.09,-15.57,17.75,-12.95,236,-42,-5
[16:11:58] MPU,108551,-1.085,-0.945,1.435,-0.03,0.7,0.17,30.08,-15.57,17.75,-12.90,235,-42,-4
[16:11:59] MPU,108660,-1.086,-0.945,1.4330.02,0.32,0.20,30.07,-15.57,17.76,-12.82236,-42,-4
[16:11:59] MPU,108760,-1.086,-0.948,1.433,0.02,0.30,0.21,30.08,-15.57,17.76,-13.04,235,-42,-5
[16:11:59] [Telemetri] Arayüze Gönderildi: {'zaman_damgasi': 108760, 'irtifa': 0.0, 'hiz': 0.0, 'enlem': 0.0, 'boylam': 0.0, 'durum': 'NORMAL', 'zemin_rakimi': 0.0, 'ax': -1.086, 'ay': -0.948, 'az': 1.433, 'gx': 0.02, 'gy': 0.3, 'gz': 0.21, 'sicaklik': 30.08, 'roll': -15.57, 'pitch': 17.76, 'yaw': -13.04, 'mx': 235.0, 'my': -42.0, 'mz': -5.0}
[16:11:59] MPU,108876,-1.086,-0.947,1.431,0.02,0.27,0.18,30.08,-15.58,17.75,-12.95,236,-42,-5
[16:11:59] MPU,109009,-1.088,-0.946,1.435,0.03,.24,0.17,30.07,-15.58,17.77,-12.95,236,-42,-5
[16:11:59] MPU,109117,-1.088,-0.944,1.431,0.06,0.30,0.17,30.06,-15.57,17.77,-12.95,236,-42,-5
[16:11:59] MPU,109225,-1.086,-0.944,1.435,-0.04,0.24,0.20,30.06,-15.57,17.76,-12.95,236,-42,-5
[16:11:59] MPU,109325,-1.084,-0.947,1.433,0.02,0.30,0.24,30.05,-15.57,17.76,-12.95,236,-42,-5
[16:11:59] MPU,109434,-1.087,-0.945,1.433,0.00,0.31,0.15,30.07,-15.57,17.75,-12.81,236,-42,-4
[16:11:59] MPU,109534,-1.084,-0.946,1.433,0.05,0.27,0.25,30.04,-15.57,17.75,-12.94,236,-42,-5
[16:11:59] MPU,109642,-1.083,-0.945,1.434,0.03,0.32,0.20,30.06,-15.57,17.74,-12.81,236,-42,-4
[16:12:00] MPU,109742,-1.087,-0.945,1.429,-0.05,0.25,0.13,30.07,-15.57,17.75,-12.59,236,-41,-5
[16:12:00] MPU,109851,-1.085,-0.946,1.431,-0.01,0.27,0.12,30.05,-15.57,17.75,-12.54,235,-41,-4
[16:12:00] [Telemetri] Arayüze Gönderildi: {'zaman_damgasi': 109851, 'irtifa': 0.0, 'hiz': 0.0, 'enlem': 0.0, 'boylam': 0.0, 'durum': 'NORMAL', 'zemin_rakimi': 0.0, 'ax': -1.085, 'ay': -0.946, 'az': 1.431, 'gx': -0.01, 'gy': 0.27, 'gz': 0.12, 'sicaklik': 30.05, 'roll': -15.57, 'pitch': 17.75, 'yaw': -12.54, 'mx': 235.0, 'my': -41.0, 'mz': -4.0}
[16:12:00] MPU,10993,-1.087,-0.946,1.436,0.05,0.31,0.17,30.05,-15.57,17.76,-12.55,235,-41,-4
[16:12:00] MPU,110060,-1.06,-0.944,1.434,-0.04,0.25,0.15,30.05,-15.56,17.78,-12.46,236,-41-4
[16:12:00] MPU,110169,-1.085,-0.946,1.431,0.01,0.31,0.21,30.06,-15.57,17.77,-12.91,235,-42,-4
[16:12:00] MPU,11028,-1.088,-0.947,1.435,0.00,0.26,0.15,30.04,-15.57,17.76,-12.91,235,-42,-4
[16:12:00] MPU,110387,-1.085,-0.944,1.434,0.06,0.24,0.23,30.04,-15.57,17.75,-12.46,236,-41,-4
[16:12:00] MPU,110496,-1.087,-0.946,1.434,0.08,0.30,0.18,30.04,-15.57,17.76,-12.82,236,-42,-4
[16:12:00] MPU,110596,-1.085,-0.946,1.430,-0.04,0.31,0.21,30.04,-15.57,17.75,-12.46,236,-41,-4
[16:12:01] MPU,110705,-1.086,-0.943,1.434,0.14,0.23,0.21,30.06,-15.57,17.76,-12.90,235,-42,-4
[16:12:01] MPU,11084,-1.086,-0.946,1.430,0.05,0.29,0.18,30.04,-15.57,17.75,-12.46,236,-41,-4
[16:12:01] [Telemetri] Arayüze Gönderildi: {'zaman_damgasi': 11084, 'irtifa': 0.0, 'hiz': 0.0, 'enlem': 0.0, 'boylam': 0.0, 'durum': 'NORMAL', 'zemin_rakimi': 0.0, 'ax': -1.086, 'ay': -0.946, 'az': 1.43, 'gx': 0.05, 'gy': 0.29, 'gz': 0.18, 'sicaklik': 30.04, 'roll': -15.57, 'pitch': 17.75, 'yaw': -12.46, 'mx': 236.0, 'my': -41.0, 'mz': -4.0}
[16:12:01] MPU,110967,-1.086,-0.948,1.433,0.06,0.28,0.17,30.03,-15.58,17.76,-12.82,236,-42,-4
[16:12:01] MPU,111072,-1.086,-0.946,1.433,-0.01,0.26,0.22,0.05,-1.58,17.77,-12.55,235,-41,-4
[16:12:01] MPU,111181,-1.085,-0.945,1.432,-0.020.30,0.15,30.04,-15.58,17.76,-12.47,236,-41,-4
[16:12:01] MPU,111281,-1.086,-0.948,1.436,0.05,0.28,0.26,30.04,-15.58,17.76,-12.55,235,-41,-4
[16:12:01] MPU,111389,-1087,-0.946,1.434,0.04,0.30,0.16,30.04,-15.58,17.76,-12.46,236,-41,-4
[16:12:01] MPU,111489,-1.087,-0.944,1.432,-0.04,0.26,0.16,30.04,-15.57,17.75,-12.90,235,-42,-4
[16:12:01] MPU,111598,-1.087,-0.944,1.433,-0.01,0.29,0.17,30.04,-15.57,17.75,-12.46,23,-41,-4
[16:12:02] MPU,111708,-1.086,-0.946,1.431,-0.02,0.300.18,30.04,-15.58,17.75,-12.46,236,-41,-4
[16:12:02] MPU,111816,-1.084,-0.947,1.430,0.02,0.31,0.14,30.03,-15.57,17.74,-12.90,235,-42,-4
[16:12:02] [Telemetri] Arayüze Gönderildi: {'zaman_damgasi': 111816, 'irtifa': 0.0, 'hiz': 0.0, 'enlem': 0.0, 'boylam': 0.0, 'durum': 'NORMAL', 'zemin_rakimi': 0.0, 'ax': -1.084, 'ay': -0.947, 'az': 1.43, 'gx': 0.02, 'gy': 0.31, 'gz': 0.14, 'sicaklik': 30.03, 'roll': -15.57, 'pitch': 17.74, 'yaw': -12.9, 'mx': 235.0, 'my': -42.0, 'mz': -4.0}
[16:12:02] MPU,111971,-1.086,-0.946,1.435,0.04,0.25,0.20,30.02,-15.57,17.75,-12.46,236,-41,-4
[16:12:02] MPU,112074,-1.086,-0.44,1.430,-0.03,0.28,0.20,30.04,-15.57,17.77,-12.91,235,-42,-4
[16:12:02] MPU,12174,-1.085,-0.948,1.435,0.04,0.27,0.14,30.03,-15.57,17.76,-12.55,235,-41,-4
[16:12:02] MPU,112283,-1.086,-0.945,1.434,0.02,0.30,0.23,30.05,-15.57,17.76,-12.54,235,-41,-4
[16:12:02] MPU,112392,-1.087,-0.946,1.435,0.02,0.26,0.18,30.04,-15.57,17.75,-12.54,235,-41,-4
[16:12:02] MPU,112501,-1.087,-0.945,1.433,-0.02,0.25,0.20,30.03,-15.57,1.76,-12.41,235,-41,-3
[16:12:02] MPU,112601,-1.084,-0.944,1.430,-0.01,0.27,0.15,30.04,-15.57,17.76,-12.46,236,-41,-4
[16:12:03] MPU,112710,-1.086,-0.945,1.432,0.01,0.27,0.19,30.03,-1.57,17.75,-12.46,236,-41,-4
[16:12:03] MPU,112819,-1.086,-0.942,1.432,-0.05,0.28,0.21,30.04,-15.57,17.76,-12.46,236,-41,-4
[16:12:03] [Telemetri] Arayüze Gönderildi: {'zaman_damgasi': 112819, 'irtifa': 0.0, 'hiz': 0.0, 'enlem': 0.0, 'boylam': 0.0, 'durum': 'NORMAL', 'zemin_rakimi': 0.0, 'ax': -1.086, 'ay': -0.942, 'az': 1.432, 'gx': -0.05, 'gy': 0.28, 'gz': 0.21, 'sicaklik': 30.04, 'roll': -15.57, 'pitch': 17.76, 'yaw': -12.46, 'mx': 236.0, 'my': -41.0, 'mz': -4.0}
[16:12:03] MPU,112961,-1.086,-0.947,1.434,-0.01,0.30,0.16,30.03,-15.57,17.76,-12.46,236,-1,-4
[16:12:03] MPU,113067,-1.087,-0.945,1.435,-0.05,0.29,0.23,30.04,-15.57,17.78,-12.55,235,-41,-4
[16:12:03] MPU,113176,-1.086,-0.948,1.432,-0.05,0.26,0.18,30.02,-15.57,17.76,-12.82,236,-42,-4
[16:12:03] MPU,113286,-1.085,-0.947,1.432,0.01,0.29,0.23,30.04,-1.58,17.76,-12.55,235,-41,-4
[16:12:03] MPU,113394,-1.087,-0.947,1.436,-0.02,0.26,0.15,3003,-15.57,17.75,-1.54,235,-41,-4
[16:12:03] MPU,113494,-1.086,-0.947,1.433,0.05,0.26,0.17,30.06,-15.57,17.75,-12.68,235,-41,-5
[16:12:03] MPU,113603,-1.086,-0.944,1.431,-0.01,0.26,0.25,30.03,-15.57,17.75,-12.68,235,-41,-5
[16:12:04] MPU,113713,-1.087,-0.946,1.434,0.02,0.28,0.20,30.05,-15.58,17.76,-12.91,235-42,-4
[16:12:04] MPU,113821,-1.087,-0.946,1.433,0.01,0.29,0.21,30.04,-15.58,17.76,-12.55,235,-41,-4
[16:12:04] [Telemetri] Arayüze Gönderildi: {'zaman_damgasi': 113821, 'irtifa': 0.0, 'hiz': 0.0, 'enlem': 0.0, 'boylam': 0.0, 'durum': 'NORMAL', 'zemin_rakimi': 0.0, 'ax': -1.087, 'ay': -0.946, 'az': 1.433, 'gx': 0.01, 'gy': 0.29, 'gz': 0.21, 'sicaklik': 30.04, 'roll': -15.58, 'pitch': 17.76, 'yaw': -12.55, 'mx': 235.0, 'my': -41.0, 'mz': -4.0}
[16:12:04] MPU,113967,-1.087,-0.946,1.433,0.04,0.27,.17,30.04,-15.58,17.76,-12.5,235,-41,-4
[16:12:04] MPU,114069,-1.085,-0.945,1.432,0.08,0.23,0.12,30.03,-15.57,17.78,-12.55,235,-41,-4
[16:12:04] MPU,114179,-1.087,-0.947,1.431,0.01,0.22,0.21,30.02,-15.58,17.77,-12.56,235,-41,-4
[16:12:04] MPU,114288,-1.087,-0.946,1.432,0.02,0.29,0.17,30.04,-1558,17.76,-12.55,235,-41-4
[16:12:04] MPU,114397,-1.86,-0.945,1.432,0.03,0.29,0.16,30.02,-15.57,17.76,-12.90,235,-42,-4
[16:12:04] MPU,114506,-1.086,-0.947,1.434,0.09,0.25,0.17,30.02,-15.57,17.76,-13.26,235,-43,-4
[16:12:04] MPU,114606,-1.087,-0.945,1.433,0.01,0.26,0.18,30.03,-15.7,17.76,-13.62,235,-44,-4
[16:12:05] MPU,114714,-1.086,-0.947,1.432,0.05,0.23,0.18,30.01,-15.57,17.76,-13.61,235,-44,-4
[16:12:05] MPU,11484,-1.086,-0.944,1.433,0.11,0.29,0.18,30.00,-15.56,17.76,-13.96,235,-45,-4
[16:12:05] [Telemetri] Arayüze Gönderildi: {'zaman_damgasi': 11484, 'irtifa': 0.0, 'hiz': 0.0, 'enlem': 0.0, 'boylam': 0.0, 'durum': 'NORMAL', 'zemin_rakimi': 0.0, 'ax': -1.086, 'ay': -0.944, 'az': 1.433, 'gx': 0.11, 'gy': 0.29, 'gz': 0.18, 'sicaklik': 30.0, 'roll': -15.56, 'pitch': 17.76, 'yaw': -13.96, 'mx': 235.0, 'my': -45.0, 'mz': -4.0}
[16:12:05] MPU,114970,-1.085,-0.946,1.434,0.03,0.24,0.16,30.01,-15.56,17.77,-14.01,236,-45,-5
[16:12:05] MPU,115072,-1.086,-0.948,1.430,-0.01,0.29,0.17,30.02,-15.58,17.78,-13.92,237,-45,-5
[16:12:05] MPU,115181,-1.085,-0.946,1.433,0.01,0.23,0.20,30.00,-15.58,17.78,-14.02,236,-45,-5
[16:12:05] MPU,115291,-1.087,-0.949,1.435,-0.02,0.23,0.17,29.99,-15.58,17.76,-14.01,236,-45,-5
[16:12:05] MPU,115399,-1.085,-0.945,1.433,-0.05,0.20,0.21,29.99,-15.57,17.75,-14.00,236,-45,-5
[16:12:05] MPU,115499,-1.088,-0.946,1.432,0.03,0.26,0.21,30.00,-15.58,17.75,-13.52,236,-44,-4
[16:12:05] MPU,115608,-1.088,-0.947,1.433,-0.01,0.26,0.18,30.00,-15.57,17.75,-13.52,236,-44,-4
[16:12:06] MPU,115717,-1.085,-0.946,1.433,0.04,0.30,0.19,29.99,-15.57,17.75,-13.74,235,-44,5
[16:12:06] MPU,115826,-1.087,-0.942,1.432,0.08,0.27,0.12,30.00,-15.57,17.75,-13.52,236,-44,-4
[16:12:06] [Telemetri] Arayüze Gönderildi: {'zaman_damgasi': 115826, 'irtifa': 0.0, 'hiz': 0.0, 'enlem': 0.0, 'boylam': 0.0, 'durum': 'NORMAL', 'zemin_rakimi': 0.0, 'ax': -1.087, 'ay': -0.942, 'az': 1.432, 'gx': 0.08, 'gy': 0.27, 'gz': 0.12, 'sicaklik': 30.0, 'roll': -15.57, 'pitch': 17.75, 'yaw': -13.52, 'mx': 236.0, 'my': -44.0, 'mz': -4.0}
[16:12:06] MPU,115974,-1.086,-0.948,1.432,-0.05,0.27,0.21,30.00,-15.57,17.77,-13.53,236,-44,-4
[16:12:06] MPU,116074,-1.086,-0.946,1.433,0.01,0.31,0.16,29.99,-15.57,17.78,-13.66,236,-44,-5
[16:12:06] MPU,116184,-1.086,-0.945,1.431,-0.01,0.26,0.14,29.99,-15.57,17.77,-13.88,236,-45,-4
[16:12:06] MPU,116293,-1.06,-0.947,1.434,-0.01,0.26,0.21,29.99,-15.58,17.76,-13.66,236,-44,-5
[16:12:06] MPU,116402,-1.086,-0.94,1.432,0.03,0.26,0.23,29.98,-15.57,17.75,-13.65,236,-44,-5
[16:12:06] MPU,116511,-.088,-0.946,1.431,-0.03,0.30,0.14,29.99,-1.57,17.76,-13.52,236,-44,-4
[16:12:06] MPU,116611,-1.087,-0.947,1.436,-0.01,0.24,0.15,29.99,-15.57,17.76,-13.52,236,-44,-4
[16:12:07] MPU,116719,-1.087,-0.947,1.434,0.05,0.33,0.20,29.99,-15.57,17.75,-13.87,236,-45,-4
[16:12:07] MPU,116829,-1.087,-0.945,1.432,0.01,0.27,0.14,29.99,-15.57,17.75,-13.65,236,-44,-5
[16:12:07] [Telemetri] Arayüze Gönderildi: {'zaman_damgasi': 116829, 'irtifa': 0.0, 'hiz': 0.0, 'enlem': 0.0, 'boylam': 0.0, 'durum': 'NORMAL', 'zemin_rakimi': 0.0, 'ax': -1.087, 'ay': -0.945, 'az': 1.432, 'gx': 0.01, 'gy': 0.27, 'gz': 0.14, 'sicaklik': 29.99, 'roll': -15.57, 'pitch': 17.75, 'yaw': -13.65, 'mx': 236.0, 'my': -44.0, 'mz': -5.0}
[16:12:07] MPU,116963,-1.086,-0.947,1.431,-0.01,0.23,0.21,29.98,-15.58,17.76,-13.66,236,-44,-5
[16:12:07] MPU,117067,-1.087,-0.946,1.430,0.02,0.29,0.16,29.97,-15.58,1778,-13.54,236,-44,-4
[16:12:07] MPU,117167,-1.086,-0.950,1.438,0.00,0.33,0.14,29.98,-15.59,17.77,-13.89,236,-45,-4
[16:12:07] MPU,11275,-1.085,-0.945,1.433,0.07,0.26,0.17,29.97,-15.58,17.76,-13.66,236,-44,-5
[16:12:07] MPU,117385,-1.085,-0.947,1.434,0.03,0.33,0.16,29.99,-15.58,17.76,-13.52,236,-44,-4
[16:12:07] MPU,117494,-1.087,-0.947,1.434,0.01,0.27,0.17,29.97,-15.58,17.76,-13.53,236,-44,-4
[16:12:07] MPU,117594,-1.087,-0.948,1.432,-0.01,0.24,0.14,29.99,-15.58,17.76,-14.01,236,-45,-5
[16:12:08] MPU,117702,-1.086,-0.947,1.431,0.02,0.28,0.17,29.98,-15.58,17.76,-13.66,236,-44,-5
[16:12:08] MPU,117812,-1.086,-0.947,1.34,0.02,0.28,0.16,29.98,-15.58,17.75,-13.66,236,-44,-5
[16:12:08] [Telemetri] Arayüze Gönderildi: {'zaman_damgasi': 117812, 'irtifa': 0.0, 'hiz': 0.0, 'enlem': 0.0, 'boylam': 0.0, 'durum': 'NORMAL', 'zemin_rakimi': 0.0, 'ax': -1.086, 'ay': -0.947, 'az': 1.34, 'gx': 0.02, 'gy': 0.28, 'gz': 0.16, 'sicaklik': 29.98, 'roll': -15.58, 'pitch': 17.75, 'yaw': -13.66, 'mx': 236.0, 'my': -44.0, 'mz': -5.0}
[16:12:08] MPU,117965,-1.087,-0.947,1.434,-0.05,0.32,0.19,29.97,-15.58,17.77,-13.66,236,-44,-5
[16:12:08] MPU,118070,-1.086,-0.945,1.432,-0.06,0.30,0.19,29.97,-15.59,17.78,-13.67,36,-44,-5
[16:12:08] MPU,118179,-1.086,-0.945,1.433,0.02,0.30,0.14,29.99,-15.59,17.77,-14.02,236,-45,-5
[16:12:08] MPU,118288,-1.087,-0.948,1.433,0.02,0.25,0.21,29.97,-15.58,17.77,-14.01,236,-45,-5
[16:12:08] MPU,118397,-1.087,-0.947,1.433,-0.05,0.27,0.14,29.97,-15.58,17.76,-13.66,236,-4,-5
[16:12:08] MPU,118497,-1.085,-0.946,1.434,0.02,0.21,0.18,29.98,-15.58,17.75,-13.52,236,-44,-4
[16:12:08] MPU,118605,-1.086,-0.946,1.432,0.01,0.25,0.17,29.98,-15.58,17.75,-14.10,235,-45,-5
[16:12:09] MPU,118705,-1.085,-0.946,1.433,0.02,0.22,0.16,29.97,-15.57,17.75,-14.00,236,-45,-5
[16:12:09] PU,118814,-1.084,-0.945,1.432,0.02,0.29,0.19,29.97-15.58,17.74,-14.00,236,-45,-5
[16:12:09] [Telemetri] Arayüze Gönderildi: {'zaman_damgasi': 118705, 'irtifa': 0.0, 'hiz': 0.0, 'enlem': 0.0, 'boylam': 0.0, 'durum': 'NORMAL', 'zemin_rakimi': 0.0, 'ax': -1.085, 'ay': -0.946, 'az': 1.433, 'gx': 0.02, 'gy': 0.22, 'gz': 0.16, 'sicaklik': 29.97, 'roll': -15.57, 'pitch': 17.75, 'yaw': -14.0, 'mx': 236.0, 'my': -45.0, 'mz': -5.0}
[16:12:09] MPU,118969,-1.085,-0.948,1.431,-0.01,0.28,0.14,29.99,-15.59,17.76,-13.53,236,-44,-4
[16:12:09] MPU,119072,-1.085,-0.946,1.431,0.07,0.26,0.22,29.96,-15.58,17.77,-13.66,236,-44,-5
[16:12:09] MPU,119172,-1.087,-0.947,1.433,-0.01,0.32,0.17,29.97,-15.57,17.77,-13.66,236,-44,-5
[16:12:09] MPU,119280,-1.086,-0.946,1.430,-0.08,0.24,0.18,29.98,-15.58,17.76,-13.66,236,-44,-5
[16:12:09] MPU,119390,-1.085,-0.946,1.432,-0.04,0.28,0.17,29.98,-15.57,17.76,-13.65,236,-44,-5
[16:12:09] MPU,119499,-1.086,-0.947,1.432,0.04,0.27,0.18,29.97,-15.58,17.75,-13.61,235,-44,-4
[16:12:09] MPU,119599,-1.085,-0.946,1.433,0.02,0.29,0.18,29.97,-15.57,17.75,-14.00,236,-45,-5
[16:12:10] MPU,19707,-1.084,-0.947,1.435,-0.01,0.30,0.16,29.98-15.57,17.74,-13.52,236,-44,-4
[16:12:10] MPU,119817,-1.86,-0.947,1.434,-0.01,0.24,0.21,29.97,-15.58,17.75,-13.65,236,-44,-5
[16:12:10] [Telemetri] Arayüze Gönderildi: {'zaman_damgasi': 119817, 'irtifa': 0.0, 'hiz': 0.0, 'enlem': 0.0, 'boylam': 0.0, 'durum': 'NORMAL', 'zemin_rakimi': 0.0, 'ax': -1.86, 'ay': -0.947, 'az': 1.434, 'gx': -0.01, 'gy': 0.24, 'gz': 0.21, 'sicaklik': 29.97, 'roll': -15.58, 'pitch': 17.75, 'yaw': -13.65, 'mx': 236.0, 'my': -44.0, 'mz': -5.0}
[16:12:10] MPU,119932,-1.084,-0.944,1.429,-0.01,0.29,0.20,29.97,-15.57,17.75,-13.65,236,-44,-5
[16:12:10] MPU,120035,-1.084,-0.945,1.430,0.01,0.29,0.16,29.95,-15.57,17.77,-13.66,236,-44,-5
[16:12:10] MPU,120144,-1.088,-0.46,1.432,0.05,0.28,0.16,29.97,-15.57,17.77,-13.88,236,-45,-4
[16:12:10] MPU,120244,-1.084,-0.946,1.431,-0.03,0.26,0.16,29.97,-15.58,17.76,-13.66,236,-44,-5
[16:12:10] MPU,120352,-1.084,-0.948,1.432,0.03,0.28,0.15,29.97,-15.58,17.75,-13.66,236,-44,-5
[16:12:10] MPU,120452,-1.088,-0.947,1.432,0.04,0.23,0.21,29.8,-15.57,17.75,-13.75,235,-44,-5
[16:12:10] MPU,120561,-1.085,-0.947,1.433,0.05,0.26,0.18,29.97,-15.57,17.74,-13.65,236,-44,-5
[16:12:11] MPU,120671,-1.087,-0.945,1.433,0.04,0.26,0.16,29.98,-15.57,17.75,-14.00,236,-45,-5
[16:12:11] MPU,120779,-1.085,-0.948,1.432,-0.01,0.30,0.18,29.97,-15.57,17.75,-13.65,236,-44,-5
[16:12:11] [Telemetri] Arayüze Gönderildi: {'zaman_damgasi': 120779, 'irtifa': 0.0, 'hiz': 0.0, 'enlem': 0.0, 'boylam': 0.0, 'durum': 'NORMAL', 'zemin_rakimi': 0.0, 'ax': -1.085, 'ay': -0.948, 'az': 1.432, 'gx': -0.01, 'gy': 0.3, 'gz': 0.18, 'sicaklik': 29.97, 'roll': -15.57, 'pitch': 17.75, 'yaw': -13.65, 'mx': 236.0, 'my': -44.0, 'mz': -5.0}
[16:12:11] MP,120913,-1.085,-0.948,1.433,0.01,0.29,0.25,29.97,-15.58,17.74,-14.00,236,-45,-5
[16:12:11] MPU,121025,1.089,-0.946,1.432,-0.02,0.27,0.20,29.97,-15.58,17.77,-14.11,235,-45,-5
[16:12:11] MPU,121126,-1.085,-0.945,1.432,0.00,0.30,0.22,29.98,-15.58,17.76,-13.66,236,-44,-5
[16:12:11] MPU,121226,-1.085,-0.947,1.434,-0.01,0.24,0.19,9.96,-15.58,17.75,-14.01,236,-45,-5
[16:12:11] MPU,121335,-1.085,-0.946,1.435,0.01,0.26,0.23,29.99,-15.58,17.75,-14.00,236,-45,-5
[16:12:11] MPU,121435,-1.086,-0.944,1.432,0.00,0.24,0.14,29.99,-15.58,17.74,-13.52,236,-44,-4
[16:12:11] MPU,121544,-1.086,-0.947,1.433,0.05,0.25,0.12,29.98,-15.58,17.74,-13.65236,-44,-5
[16:12:11] MPU,121644,-1.086,-0.947,1.434,-0.03,0.23,0.14,29.95,-15.58,17.74,-13.74,235,-44,-5
[16:12:12] MPU,121752,-1.085,-0.945,1.434,-0.02,0.25,0.19,29.97,-15.57,17.74,-1.61,235,-44,-4
[16:12:12] [Telemetri] Arayüze Gönderildi: {'zaman_damgasi': 121752, 'irtifa': 0.0, 'hiz': 0.0, 'enlem': 0.0, 'boylam': 0.0, 'durum': 'NORMAL', 'zemin_rakimi': 0.0, 'ax': -1.085, 'ay': -0.945, 'az': 1.434, 'gx': -0.02, 'gy': 0.25, 'gz': 0.19, 'sicaklik': 29.97, 'roll': -15.57, 'pitch': 17.74, 'yaw': -1.61, 'mx': 235.0, 'my': -44.0, 'mz': -4.0}
[16:12:12] MPU,121903,-1.086,-0.949,1.435,0.03,0.26,0.19,29.98,-15.58,17.74,-1365,236,-44,-5
[16:12:12] MPU,122024,-1.087,-0.947,1.432,0.02,0.28,0.16,29.94,-15.58,17.77,-13.66,236,-44,-5
[16:12:12] MPU,122130,-1.087,-0.947,1.434,0.02,0.31,0.22,29.96,-15.58,17.77,-13.66,236,-44,-5
[16:12:12] MPU,122238,-1.085,-0.948,1.431,-0.04,0.24,0.21,29.96,-15.58,17.76,-13.52,236,-44,-4
[16:12:12] MPU,122338,-1.086,-0.946,1.433,-0.04,0.27,0.17,29.96,-15.58,17.75,-13.52,236,-44,-4
[16:12:12] MPU,122447,-1.07,-0.947,1.435,0.00,0.29,0.18,29.97,-15.58,17.76,-13.66,236,-44,-5
[16:12:12] MPU,122547,-1.086,-0.946,1.432,0.03,0.28,0.18,29.95,-15.58,17.76,-13.66,236,-44,-5
[16:12:13] MPU,122655,-1.088,-0.947,1.42,-0.01,0.30,0.20,29.96,-15.58,17.75,-14.01,236,-45,-5
[16:12:13] MPU,122755,-1.084,-0.947,1.436,-0.01,0.27,0.16,29.94,-15.58,17.75,-13.61,235,-44,-4
[16:12:13] [Telemetri] Arayüze Gönderildi: {'zaman_damgasi': 122755, 'irtifa': 0.0, 'hiz': 0.0, 'enlem': 0.0, 'boylam': 0.0, 'durum': 'NORMAL', 'zemin_rakimi': 0.0, 'ax': -1.084, 'ay': -0.947, 'az': 1.436, 'gx': -0.01, 'gy': 0.27, 'gz': 0.16, 'sicaklik': 29.94, 'roll': -15.58, 'pitch': 17.75, 'yaw': -13.61, 'mx': 235.0, 'my': -44.0, 'mz': -4.0}
[16:12:13] MPU,122905,-1.086,-0.947,1.431,-0.04,0.28,0.20,29.95,-15.58,17.75,-13.66,236,-44,-5
[16:12:13] MPU,123025,-1.086,-0.945,1.433,-0.04,0.24,0.17,29.94,-15.58,17.77,-13.67,236,-44,-5
[16:12:13] MPU,123132,-1.086,-0.945,1.429,0.01,0.26,0.22,29.96,-15.58,17.77,-13.92,237,-45,-5
[16:12:13] MPU,123232,-1.86,-0.948,1.432,0.00,0.30,0.22,29.95,-15.58,17.77,-13.66,236,-44,-5
[16:12:13] MPU,123340,-1.088,-0.947,1.435,-0.01,0.28,0.19,29.94,-15.58,17.76,-14.01,236,-45,-5
[16:12:13] MPU,123440,-1.085,-0.946,1.433,-0.01,0.24,0.21,29.94,-15.58,17.76,-13.66,236,-44,-5
[16:12:13] MPU,123549,-1.089,-0.946,1.434,0.05,0.20,0.20,29.95,-15.58,17.76,-13.66,236,-44,-5
[16:12:13] MPU,123649,-1.086,-0.945,1.432,0.00,0.31,0.21,29.95,-15.57,17.75,-1400,236,-45,-5
[16:12:14] MPU,12757,-1.085,-0.944,1.431,0.02,0.26,0.18,29.94,-15.57,17.75,-13.52,26,-44,-4
[16:12:14] [Telemetri] Arayüze Gönderildi: {'zaman_damgasi': 12757, 'irtifa': 0.0, 'hiz': 0.0, 'enlem': 0.0, 'boylam': 0.0, 'durum': 'NORMAL', 'zemin_rakimi': 0.0, 'ax': -1.085, 'ay': -0.944, 'az': 1.431, 'gx': 0.02, 'gy': 0.26, 'gz': 0.18, 'sicaklik': 29.94, 'roll': -15.57, 'pitch': 17.75, 'yaw': -13.52, 'mx': 26.0, 'my': -44.0, 'mz': -4.0}
[16:12:14] MPU,123872,-1.088,-0.945,1.432,-0.05,0.28,0.17,29.93,-15.57,17.75,-13.65,236,-44,-5
[16:12:14] PU,124005,-1.086,-0.944,1.433,0.04,0.27,0.19,29.94,-15.56,17.77,-13.75,235,-44,-5
[16:12:14] MPU,124105,-1.088,-0.946,1.434,0.05,0.27,0.18,29.95,-15.57,17.78,-13.66,236,-44,-5
[16:12:14] MPU,124205,-1.086,-0.946,1.433,0.03,0.29,0.17,29.94,-15.57,17.77,-13.53,236,-44,-4
[16:12:14] MPU,124313,-1.085,-0.948,1.433,-0.02,0.26,0.21,29.96,-15.57,17.75,-13.65,236,-44,-5
[16:12:14] MPU,124423,-1.085,-0.947,1.433,0.02,0.25,0.22,29.95,-15.57,17.75,-13.65,236,-44,-5
[16:12:14] MPU,124532,-1.086,-0.946,1.432,-0.01,0.31,0.20,29.92,-15.57,17.75,-13.65,236,-44,-5
[16:12:14] MPU,124641,-1.086,-0.945,1.432,-0.08,0.30,0.17,29.93,-15.57,17.75,-13.56,237,-44,-5
[16:12:15] MPU,124750,-1.086,-0.945,1.432,0.00,0.26,0.19,29.92,-15.57,17.75,-13.65,236,-44,-5
[16:12:15] MPU,124850,-1.085,-0.944,1.434,0.02,0.26,0.20,29.94,-15.56,17.75,-13.52,236,-44,-4
[16:12:15] [Telemetri] Arayüze Gönderildi: {'zaman_damgasi': 124850, 'irtifa': 0.0, 'hiz': 0.0, 'enlem': 0.0, 'boylam': 0.0, 'durum': 'NORMAL', 'zemin_rakimi': 0.0, 'ax': -1.085, 'ay': -0.944, 'az': 1.434, 'gx': 0.02, 'gy': 0.26, 'gz': 0.2, 'sicaklik': 29.94, 'roll': -15.56, 'pitch': 17.75, 'yaw': -13.52, 'mx': 236.0, 'my': -44.0, 'mz': -4.0}
[16:12:15] MPU,124968,-1.087,-0.947,1.435,0.02,0.28,0.22,29.92,-15.56,17.76,-13.65,236,-44,-5
[16:12:15] MPU,125068,-1.086,-0.945,1.436,0.02,0.25,0.18,29.94,-15.56,17.77,-13.52,236,-44,-4
[16:12:15] MPU,125177,-1.087,-0.946,1.434,0.08,0.30,0.23,29.93,-15.56,17.77,-13.52,236,-44,-4
[16:12:15] MPU,125277,-1.086,-0.946,1.434,-0.02,0.27,0.10,29.94,-15.57,17.76,-13.56,237,-44,-5
[16:12:15] MPU,125385,-1.086,-0.946,1.434,0.04,0.27,0.18,29.91,-15.57,17.76,-13.52,236,-44,-4
[16:12:15] MPU,125485,-1.084,-0.946,1.431,-0.05,0.30,0.22,29.92,-15.58,17.76,-13.66,236,-44,-5
[16:12:15] MPU,125594,-1.087,-0.945,1.431,0.00,0.25,0.17,29.94,-15.58,17.75,-13.52,236,-44,-4
[16:12:16] MPU,125703,-1.086,-0.945,1.431,-0.02,0.30,0.17,29.94,-15.58,17.76,-13.53,236,-44,-4
[16:12:16] MPU,125812,-1.087,-0.945,1.432,-0.03,0.30,0.21,29.94,-15.58,17.75,-13.66,236,-44,-5
[16:12:16] [Telemetri] Arayüze Gönderildi: {'zaman_damgasi': 125812, 'irtifa': 0.0, 'hiz': 0.0, 'enlem': 0.0, 'boylam': 0.0, 'durum': 'NORMAL', 'zemin_rakimi': 0.0, 'ax': -1.087, 'ay': -0.945, 'az': 1.432, 'gx': -0.03, 'gy': 0.3, 'gz': 0.21, 'sicaklik': 29.94, 'roll': -15.58, 'pitch': 17.75, 'yaw': -13.66, 'mx': 236.0, 'my': -44.0, 'mz': -5.0}
[16:12:16] MPU,125966,-1.086,-0.945,1.434,0.02,0.30,0.21,29.92,-15.58,17.77,-13.53,236,-44,-4
[16:12:16] MPU,126070,-1.087,-0.945,1.434,0.02,0.24,0.21,29.93,-15.58,17.78,-13.66,236,-44,-5
[16:12:16] MPU,126170,-1.087,-0.97,1.435,-0.02,0.27,0.21,29.93,-15.57,17.76,-13.66,236,-44,-5
[16:12:16] MPU,126279,-1.085,-0.945,1.435,0.03,0.26,0.17,29.93,-15.57,17.76,-13.66,236,-44,-5
[16:12:16] MPU,126379,-1.081,-0.945,1.430,0.01,0.30,0.14,29.91,-15.57,17.75,-13.65,236,-44,-5
[16:12:16] MPU,126487,-1.084,-0.946,1.432,0.0,0.24,0.14,29.92,-15.57,17.74,-14.00,236,-45,-5
[16:12:16] MPU,126597,-1.084,-0.946,1.432,0.02,0.28,0.17,29.93,-15.57,17.74,-14.00,236,-45,-5
[16:12:17] MPU,126706,-1.086,-0.946,1.432,0.01,0.27,0.18,29.93,-15.58,17.75,-13.87,236,-45,-4
[16:12:17] MPU,126806,-1.088,-0.948,1.433,0.04,0.31,0.18,29.92,-15.57,17.75,-14.00,236,-45,-5
[16:12:17] [Telemetri] Arayüze Gönderildi: {'zaman_damgasi': 126806, 'irtifa': 0.0, 'hiz': 0.0, 'enlem': 0.0, 'boylam': 0.0, 'durum': 'NORMAL', 'zemin_rakimi': 0.0, 'ax': -1.088, 'ay': -0.948, 'az': 1.433, 'gx': 0.04, 'gy': 0.31, 'gz': 0.18, 'sicaklik': 29.92, 'roll': -15.57, 'pitch': 17.75, 'yaw': -14.0, 'mx': 236.0, 'my': -45.0, 'mz': -5.0}
[16:12:17] MPU,126907,-1.087,-0.948,1.433,0.02,0.25,0.14,29.91,-15.57,17.74,-14.00,236,-45,-5
[16:12:17] MPU,127025,-1.086,-0.946,1.436,-0.04,0.31,0.18,29.91,-15.58,17.77,-13.66,236,-44,-5
[16:12:17] MPU,127132,-1.085,-0.948,1.436,0.00,0.29,0.21,29.92,-15.58,17.76,-13.57,237,-44,-5
[16:12:17] MPU,127232,-1.089,-0.946,1.433,0.05,0.25,0.17,29.92,-15.58,17.75,-14.01,236,-45,-5
[16:12:17] MPU,127341,-1.086,-0.947,1.435,-0.05,0.4,0.16,29.90,-15.58,17.75,-14.00,236,-45,-5
[16:12:17] MPU,127451,-1.087,-0948,1.434,0.05,0.30,017,29.89,-15.58,17.75,-14.01,236,-45,-5
[16:12:17] MPU,127559,-1.086,-0.945,1.434,0.02,0.34,0.21,29.90,-15.58,17.75,-14.00,236,-45,-5
[16:12:18] MPU,127659,-1.087,-0.948,1.433,0.04,0.24,0.21,29.90,-15.57,17.75,-14.00,236,-45,-5
[16:12:18] MPU,127768,-1.087,-0.9481.434,-0.03,0.30,0.18,29.91,-15.58,17.75,-14.01,236,-45,-5
[16:12:18] [Telemetri] Arayüze Gönderildi: {'zaman_damgasi': 127659, 'irtifa': 0.0, 'hiz': 0.0, 'enlem': 0.0, 'boylam': 0.0, 'durum': 'NORMAL', 'zemin_rakimi': 0.0, 'ax': -1.087, 'ay': -0.948, 'az': 1.433, 'gx': 0.04, 'gy': 0.24, 'gz': 0.21, 'sicaklik': 29.9, 'roll': -15.57, 'pitch': 17.75, 'yaw': -14.0, 'mx': 236.0, 'my': -45.0, 'mz': -5.0}
[16:12:18] MPU,127872,-1.086,-0.947,1.429,0.00,0.24,0.21,29.92,-15.59,17.75,-14.49,236,-46,-6
[16:12:18] MPU,128006,-1.087,-0.947,1.431,0.03,0.29,0.18,29.90,-15.59,17.77,-14.15,236,-45,-6
[16:12:18] MPU,128115,-1.087,-0.946,1.429,0.01,0.31,0.20,29.90,-15.59,17.78,-13.71,237,-44,-6
[16:12:18] MPU,128215,-1.085,-0.945,1.431,-0.03,0.28,0.21,29.92,-15.58,17.77,-14.01,236,-45,-5
[16:12:18] MPU,128324,-1.087,-0.948,1.432,0.02,0.29,0.19,29.90,-15.58,17.76,-14.14,236-45,-6
[16:12:18] MPU,128433,-1.087,-0.948,1.434,-0.03,0.23,0.11,29.91,-15.58,17.75,-14.36,236,-46,-5
[16:12:18] MPU,128542,-1.085,-0.947,1.435,-0.01,0.30,0.24,29.90,-15.58,17.75,-14.01,236,-45,-5
[16:12:18] MPU,128642,-1.084,-0.947,1.433,-0.06,0.30,0.19,29.90,-15.58,17.75,-14.01,236,-45,-5
[16:12:19] MPU,128750,-1.087,-0.945,1.432,0.05,0.28,0.25,29.90,-15.57,17.75,-14.14,236,-45,-6
[16:12:19] [Telemetri] Arayüze Gönderildi: {'zaman_damgasi': 128750, 'irtifa': 0.0, 'hiz': 0.0, 'enlem': 0.0, 'boylam': 0.0, 'durum': 'NORMAL', 'zemin_rakimi': 0.0, 'ax': -1.087, 'ay': -0.945, 'az': 1.432, 'gx': 0.05, 'gy': 0.28, 'gz': 0.25, 'sicaklik': 29.9, 'roll': -15.57, 'pitch': 17.75, 'yaw': -14.14, 'mx': 236.0, 'my': -45.0, 'mz': -6.0}
[16:12:19] MPU,128902,-1.085,-0.946,1.436,0.01,0.23,0.17,29.89,-15.57,17.75,-14.13,236,-45,-6
[16:12:19] MPU,129026,-1.088,-0.948,1.433,-0.02,0.26,0.17,29.92,-15.58,17.77,-13.92,237,-45,-5
[16:12:19] MPU,129128,-1.085,-0.948,1.434,0.03,0.27,0.20,29.89,-15.58,17.77,-14.05,237-45,-6
[16:12:19] MPU,129236,-1.087,-0.946,1.434,0.01,0.32,0.18,29.89,-15.58,17.77,-14.05,237,-45,-6
[16:12:19] MPU,129336,-1.086,-0947,1.433,0.02,0.20,0.16,29.89,-15.58,17.76,-14.26,237,-46,-5
[16:12:19] MPU,129445,-1.086,-0.945,1.432,0.3,0.33,0.16,29.92,-15.58,17.75,-13.92,237,-45,-5
[16:12:19] MPU,129545,-1.088,-0.945,1.434,0.01,0.2,0.17,29.89,-15.57,17.75,-14.26,237,-46,-5
[16:12:20] MPU,129653,-1.086,-0.946,1.432,0.01,0.27,0.22,29.89-15.58,17.76,-14.01,236,-45,-5
[16:12:20] MPU,129753,-1.087,-0.949,1.433,0.05,0.29,0.17,29.92,-15.58,17.77,-14.05,237,-45,-6
[16:12:20] [Telemetri] Arayüze Gönderildi: {'zaman_damgasi': 129753, 'irtifa': 0.0, 'hiz': 0.0, 'enlem': 0.0, 'boylam': 0.0, 'durum': 'NORMAL', 'zemin_rakimi': 0.0, 'ax': -1.087, 'ay': -0.949, 'az': 1.433, 'gx': 0.05, 'gy': 0.29, 'gz': 0.17, 'sicaklik': 29.92, 'roll': -15.58, 'pitch': 17.77, 'yaw': -14.05, 'mx': 237.0, 'my': -45.0, 'mz': -6.0}
[16:12:20] MPU,129904,-1.085,-0.946,1.431,0.05,0.26,0.22,29.91,-15.57,17.76,-14.05,237,-45,-6
[16:12:20] MPU,130025,-1.085,-0.946,1.430,0.05,0.280.17,29.91,-15.57,17.78,-14.01,236,-45,-5
[16:12:20] MPU,130130,-1.087,-0.946,1.433,-0.06,0.27,0.18,29.90,-15.57,17.77,-13.92,237,-45,-5
[16:12:20] MPU,130230,-1.087,-0.943,1.432,-0.03,0.28,0.14,29.90,-15.57,17.77,-14.14,236,-45,-6
[16:12:20] MPU,130338,-1.088,-0.945,1.432,-0.04,0.26,0.14,29.88,-15.57,17.76,-14.05,237,-45,-6
[16:12:20] MPU,13438,-1.085,-0.946,1.432,0.01,0.31,0.21,29.89,-15.57,17.76,-14.14,236,-45,-6
[16:12:20] MPU,130547,-1.085,-0.946,1.434,-0.01,0.25,0.21,29.89,-15.57,7.75,-13.91,237,-45,-5
[16:12:20] MPU,130647,-1.089,-0.946,1.434,0.04,0.27,0.16,29.90,-15.57,17.75,-14.49,236,-46,-6
[16:12:21] MPU,130755,-1.087,-0.943,1.434,0.02,0.24,0.14,29.90,-15.57,17.75,-14.13,236,-45,-6
[16:12:21] [Telemetri] Arayüze Gönderildi: {'zaman_damgasi': 130755, 'irtifa': 0.0, 'hiz': 0.0, 'enlem': 0.0, 'boylam': 0.0, 'durum': 'NORMAL', 'zemin_rakimi': 0.0, 'ax': -1.087, 'ay': -0.943, 'az': 1.434, 'gx': 0.02, 'gy': 0.24, 'gz': 0.14, 'sicaklik': 29.9, 'roll': -15.57, 'pitch': 17.75, 'yaw': -14.13, 'mx': 236.0, 'my': -45.0, 'mz': -6.0}
[16:12:21] MPU,130907,-1.089,-0.947,1.434,0.08,0.23,0.20,29.89,-15.57,17.75,-13.91,237,-45,-5
[16:12:21] MPU,131025,-1.087,-0.948,1.434,-0.01,0.31,0.19,29.90,-15.57,17.78,-13.92,237,-45,-5
[16:12:21] MPU,131133,-.088,-0.948,1.434,-0.01,0.23,0.19,29.89,-15.59,17.78,-14.02,236,-45,-5
[16:12:21] MPU,131241,-1.087,-0.946,1.434,0.04,0.28,0.15,29.90,-15.59,17.77,-14.50,236,-46,-6
[16:12:21] MPU,131341,-1.087,-0.945,1.434,-0.03,0.22,0.22,29.91,-15.58,17.76,-14.14,23,-45,-6
[16:12:21] MPU,131450,-1.084,-0.947,1.430,0.07,0.26,0.17,29.89,-15.58,17.75,-14.05,237,-45,-6
[16:12:21] MPU,131550,-1.087,-0.945,1.432,-0.05,0.26,0.17,29.89,-15.58,17.75,-14.14,236,-45,-6
[16:12:22] MPU,131658,-1.085,-0.946,1.430,-0.01,0.33,0.20,29.89,-15.58,17.75,-14.04,237,-45,-6
[16:12:22] MPU,31758,-1.088,-0.947,1.432,-0.01,0.24,0.19,29.88,-15.58,17.75,-1426,237,-46,-5
[16:12:22] [Telemetri] Arayüze Gönderildi: {'zaman_damgasi': 31758, 'irtifa': 0.0, 'hiz': 0.0, 'enlem': 0.0, 'boylam': 0.0, 'durum': 'NORMAL', 'zemin_rakimi': 0.0, 'ax': -1.088, 'ay': -0.947, 'az': 1.432, 'gx': -0.01, 'gy': 0.24, 'gz': 0.19, 'sicaklik': 29.88, 'roll': -15.58, 'pitch': 17.75, 'yaw': -1426.0, 'mx': 237.0, 'my': -46.0, 'mz': -5.0}
[16:12:22] MPU,131883,-1.086,-0.945,1.432,0.00,0.24,0.15,29.87,-15.57,17.75,-14.14,236,-45,-6
[16:12:22] MPU,132016,-.086,-0.944,1.432,-0.06,0.25,0.20,29.89,-15.58,17.77,-14.36,236,-46,-5
[16:12:22] MPU,132125,-1.086,-0.945,1.435,0.05,0.31,0.16,29.88,-1.58,17.77,-14.05,27,-45,-6
[16:12:22] MPU,132225,-1.086,-0.947,1.435,0.00,0.24,0.15,29.88,-15.57,17.76,-14.00,236,-45,-5
[16:12:22] MPU,132334,-1.084,-0.945,1.432,-0.02,0.28,0.21,29.87,-15.57,17.75,-14.01,236,-45,-5
[16:12:22] MPU,132443,-1.085,-0.946,1.433,-0.01,0.23,0.19,29.89,-15.7,17.75,-14.04,237,-45,-6
[16:12:22] MPU,132552,-1.084,-0.946,1.433,0.01,0.29,0.17,29.89,-15.57,17.75,-1413,236,-45,-6
[16:12:23] MPU,132652,-1.085,-0.946,1.434,-0.01,0.24,0.23,29.88,-15.58,17.74,-14.13,236,-45,-6
[16:12:23] MPU,132760,-1.086,-0.947,1.430,0.06,0.32,0.20,29.89,-15.57,17.75,-14.00,236,-45,-5
[16:12:23] [Telemetri] Arayüze Gönderildi: {'zaman_damgasi': 132760, 'irtifa': 0.0, 'hiz': 0.0, 'enlem': 0.0, 'boylam': 0.0, 'durum': 'NORMAL', 'zemin_rakimi': 0.0, 'ax': -1.086, 'ay': -0.947, 'az': 1.43, 'gx': 0.06, 'gy': 0.32, 'gz': 0.2, 'sicaklik': 29.89, 'roll': -15.57, 'pitch': 17.75, 'yaw': -14.0, 'mx': 236.0, 'my': -45.0, 'mz': -5.0}
[16:12:23] MPU,132900,-1.085,-0.946,1.433,0.08,0.25,0.15,29.89,-15.58,17.75,-14.00,236,-45,-5
[16:12:23] MPU,133023,-1.087,-0.946,1.434,-0.06,0.31,0.19,29.91,-15.58,17.77,-14.02,236,-45,-5
[16:12:23] MPU,133128,-1.085,-0.949,1.435,0.04,0.28,0.19,29.90,-15.58,17.77,-14.2,236,-45,-5
[16:12:23] MPU,133237,-1.086,-0.947,1.433,-0.02,0.32,0.17,29.90,-15.59,17.76,-14.02,236,-45,-5
[16:12:23] MPU,133346,-1.088,-0.947,1.434,0.02,0.29,0.18,29.90,-15.59,17.76,-14.01,236,-45,-5
[16:12:23] MPU,133455,-1.086,-0.948,1.436,0.02,0.27,0.14,29.90,-15.58,17.76,-14.01,236,-45,-5
[16:12:23] MPU,133555,-1.085,-0.945,1.433,0.11,0.26,0.16,29.89,-15.57,17.75,-14.14,236,-45,-6
[16:12:24] MP,133663,-1.087,-0.944,1.431,0.02,0.26,0.14,29.90,-15.57,17.75,-14.39,237,-46,-6
[16:12:24] MPU,133763,-1.085,-0.946,1.435,-0.02,0.23,0.22,29.89,-15.57,17.75,-13.91,237,-45,-5
[16:12:24] [Telemetri] Arayüze Gönderildi: {'zaman_damgasi': 133763, 'irtifa': 0.0, 'hiz': 0.0, 'enlem': 0.0, 'boylam': 0.0, 'durum': 'NORMAL', 'zemin_rakimi': 0.0, 'ax': -1.085, 'ay': -0.946, 'az': 1.435, 'gx': -0.02, 'gy': 0.23, 'gz': 0.22, 'sicaklik': 29.89, 'roll': -15.57, 'pitch': 17.75, 'yaw': -13.91, 'mx': 237.0, 'my': -45.0, 'mz': -5.0}
[16:12:24] MPU,133903,-1.086,-0.947,1.435,0.00,0.27,0.16,29.89,-15.58,17.75,-14.00,236,-45,-5
[16:12:24] MPU,134025,-1.088,-0.947,1.433,-0.05,0.29,0.22,29.89,-15.58,17.78,-14.02,236,-45,-5
[16:12:24] MPU,134130,-1.088,-0.947,1.434,-0.04,0.32,0.21,29.87,-15.58,17.77,-14.50,236,-46,-6
[16:12:24] MPU,134230,-1.087,-0.946,1.435,0.03,0.26,0.24,29.9,-15.58,17.77,-14.15,36,-45,-6
[16:12:24] MPU,134338,-1.086,-0.946,1.434,0.01,0.29,0.18,29.88,-15.57,17.76,-14.36,236,-46,-5
[16:12:24] MPU,134448,-1.088,-0.947,1.434,-0.01,0.30,0.14,29.88,-15.58,17.76,-14.14,236,-45,-6
[16:12:24] MPU,134557,-1.085,-0.948,1.434,.03,0.26,0.16,29.87,-15.58,17.76,-14.49,236,-46,-6
[16:12:25] MPU,134657,-1.084,-0.945,1.432,-0.03,0.26,0.17,29.86,-15.58,17.75,-14.49,236,-46,-6
[16:12:25] MPU,134765,-1.085,-0.947,1.431,-0.01,0.26,0.21,29.87,-15.58,17.75,-14.14,236,-45,-6
[16:12:25] [Telemetri] Arayüze Gönderildi: {'zaman_damgasi': 134765, 'irtifa': 0.0, 'hiz': 0.0, 'enlem': 0.0, 'boylam': 0.0, 'durum': 'NORMAL', 'zemin_rakimi': 0.0, 'ax': -1.085, 'ay': -0.947, 'az': 1.431, 'gx': -0.01, 'gy': 0.26, 'gz': 0.21, 'sicaklik': 29.87, 'roll': -15.58, 'pitch': 17.75, 'yaw': -14.14, 'mx': 236.0, 'my': -45.0, 'mz': -6.0}
[16:12:25] MPU,134906,-1.084,-0.944,1.436,0.03,0.25,0.19,29.87,-15.57,17.74,-14.00,236,-45,-5
[16:12:25] MPU,135025,-1.05,-0.946,1.431,0.03,0.26,0.22,29.87,-15.57,17.76,-14.14,236,-45,-6
[16:12:25] MPU,135133,-1.086,-0.946,1.434,0.05,0.28,.17,29.87,-15.57,1.77,-14.40,237,-46,-6
[16:12:25] MPU,135242,-1.085,-0.947,1.432,-0.01,0.26,0.19,29.88,-15.57,17.76,-14.49,236,-46,-6
[16:12:25] MPU,135351,-1.086,-0.945,1.431,0.00,0.26,0.24,29.88,-15.57,17.75,-14.35,236,-46,-5
[16:12:25] MPU,135460,-1.088,-0.945,1.433,-0.07,0.30,0.1,29.87,-15.57,17.75,-14.13,236,-45,-6
[16:12:25] MPU,135560,-1.085,-0.944,1.435,0.00,0.23,0.17,29.87,-15.57,17.75,-14.13,236,-45,-6
[16:12:26] MPU,135668,-1.089,-0.947,1.435,0.02,0.30,0.18,29.87,-15.57,17.75,-14.14,236,-45,6
[16:12:26] MPU,135768,-1.085,-0.947,1.433,0.01,0.31,0.17,29.89,-15.57,17.75,-14.35,236,-46,-5
[16:12:26] [Telemetri] Arayüze Gönderildi: {'zaman_damgasi': 135768, 'irtifa': 0.0, 'hiz': 0.0, 'enlem': 0.0, 'boylam': 0.0, 'durum': 'NORMAL', 'zemin_rakimi': 0.0, 'ax': -1.085, 'ay': -0.947, 'az': 1.433, 'gx': 0.01, 'gy': 0.31, 'gz': 0.17, 'sicaklik': 29.89, 'roll': -15.57, 'pitch': 17.75, 'yaw': -14.35, 'mx': 236.0, 'my': -46.0, 'mz': -5.0}
[16:12:26] MPU,135882,-1.086,-0.946,1.432,-0.01,0.29,0.19,29.87,-15.58,17.75,-14.01,236,-45,-5
[16:12:26] MPU,13605,-1.085,-0.944,1.432,-0.03,0.26,0.18,29.87,-15.58,17.78,-14.06,237,-45-6
[16:12:26] MPU,136116,-1.086,-0.946,1.433,-0.02,0.29,0.21,29.87,-15.57,17.77,-14.05,237,-45,-6
[16:12:26] MPU,136224,-1.086,-0.946,1.431,0.02,0.25,0.21,29.87,-15.57,17.76,-14.14,236,-45,-6
[16:12:26] MPU,136324,-1.085,-0.9451.433,0.08,0.28,0.20,29.87,-15.57,17.76,-14.49,36,-46,-6
[16:12:26] MPU,136433,-1.085,-0.946,1429,-0.05,0.30,0.14,29.87,-15.5,17.75,-14.04,237,-45,6
[16:12:26] MPU,136543,-1.085,-0.946,1.435,0.03,0.27,0.15,29.87,-15.58,17.75,-14.39,237,-46,-6
[16:12:27] MPU,136651,-1.084,-0.944,1.434,-0.03,0.28,0.21,29.85,-15.58,17.75,-14.04,237,-45,-6
[16:12:27] MPU,136751,-1.085,-0.944,1.431,0.00,.25,0.17,29.86,-15.7,17.75,-13.91,237,-45,-5
[16:12:27] [Telemetri] Arayüze Gönderildi: {'zaman_damgasi': 136751, 'irtifa': 0.0, 'hiz': 0.0, 'enlem': 0.0, 'boylam': 0.0, 'durum': 'NORMAL', 'zemin_rakimi': 0.0, 'ax': -1.085, 'ay': -0.944, 'az': 1.431, 'gx': 0.0, 'gy': 0.25, 'gz': 0.17, 'sicaklik': 29.86, 'roll': -15.7, 'pitch': 17.75, 'yaw': -13.91, 'mx': 237.0, 'my': -45.0, 'mz': -5.0}
[16:12:27] MPU,136900,-1.086,-0.946,1.432,0.00,0.33,0.21,29.86,-15.57,17.75,-14.26,237,-46,-5
[16:12:27] MPU,137025,-1.085,-0.945,1.434,-0.04,0.21,0.20,29.87,-15.57,17.77,-14.14,236,-45,-6
[16:12:27] MPU,137128,-1.087,-0.945,1.431,0.00,0.27,0.19,29.88,-15.58,17.77,-14.50,236,-46,-6
[16:12:27] MPU137237,-1.087,-0.946,1.433,0.05,0.28,0.23,29.88,-5.58,17.76,-14.36,236,-46,-5
[16:12:27] MPU,137347,-1.086,-0.944,1.436,-0.02,027,0.23,29.86,-15.57,17.76,-14.00,236,-45,-5
[16:12:27] MPU,137455,-1.086,-0.948,1.43,-0.01,0.27,0.18,29.87,-15.57,17.76,-14.14,236,-45,-6
[16:12:27] MPU,137565,-1.085,-0.945,1.433,0.08,0.29,0.21,29.87,-15.57,17.75,-14.00,236,-45,-5
[16:12:28] MPU,137674,-1.086,-0.947,1.432,-0.02,0.32,0.18,29.87,-15.58,17.75,-14.04,237,-45,-6
[16:12:28] MPU,137774,-1.085,-0.946,1.434,0.02,0.27,0.14,29.87,-15.58,17.75,-14.35,236,-46,-5
[16:12:28] [Telemetri] Arayüze Gönderildi: {'zaman_damgasi': 137774, 'irtifa': 0.0, 'hiz': 0.0, 'enlem': 0.0, 'boylam': 0.0, 'durum': 'NORMAL', 'zemin_rakimi': 0.0, 'ax': -1.085, 'ay': -0.946, 'az': 1.434, 'gx': 0.02, 'gy': 0.27, 'gz': 0.14, 'sicaklik': 29.87, 'roll': -15.58, 'pitch': 17.75, 'yaw': -14.35, 'mx': 236.0, 'my': -46.0, 'mz': -5.0}
[16:12:28] MPU,137904,-1.085,-0.947,1.434,0.02,0.28,0.14,29.87,-15.58,17.74,-14.13,236,-45,-6
[16:12:28] MPU,138025,-1.084,-0.946,1.434,-0.08,0.26,0.25,29.87,-15.58,17.76,-14.36,236,-46,-5
[16:12:28] MPU,138131,-1.085,-0.946,1.434,0.04,0.33,0.20,29.86,-15.58,17.76,-14.05,237,-45,-6
[16:12:28] MPU,138240,-1.087,-0.946,1.433,-0.07,0.24,0.21,29.87,-15.58,17.76,-14.05,237,-45,-6
[16:12:28] MPU,138349,-1.086,-0.946,1.432,-0.05,0.30,0.17,29.87,-15.58,17.75,-14.49,236,-46,-6
[16:12:28] MPU,138459,-1.086,-0.946,1.434,0.04,0.23,0.19,29.88,-15.58,17.75,-14.39,237,-46,-6
[16:12:28] MPU,138567,-1.085,-0.948,1.435,-0.01,0.27,0.24,29.87,-15.57,17.74,-14.13,236,-45,-6
[16:12:29] MPU,138667,-1.085,-0.948,1.432,0.07,0.25,0.21,29.85,-15.58,17.74,-14.39,237,-46,-6
[16:12:29] MPU,138776,-1.087,-0.949,1.433,0.02,0.29,0.17,29.87,-15.58,17.74,-14.13,236,-45,-6
[16:12:29] [Telemetri] Arayüze Gönderildi: {'zaman_damgasi': 138776, 'irtifa': 0.0, 'hiz': 0.0, 'enlem': 0.0, 'boylam': 0.0, 'durum': 'NORMAL', 'zemin_rakimi': 0.0, 'ax': -1.087, 'ay': -0.949, 'az': 1.433, 'gx': 0.02, 'gy': 0.29, 'gz': 0.17, 'sicaklik': 29.87, 'roll': -15.58, 'pitch': 17.74, 'yaw': -14.13, 'mx': 236.0, 'my': -45.0, 'mz': -6.0}
[16:12:29] MPU,138907,-.085,-0.946,1.433,0.00,0.27,0.18,29.87,-15.58,17.74,-14.13,236,-45,-6
[16:12:29] MPU,139025,-1.084,-0.945,1.431,0.02,0.27,0.21,29.87,-15.58,17.76,-14.14,236,-45,-6
[16:12:29] MPU,139133,-1.086,-0.945,1.431,0.03,0.26,0.20,29.86,-15.58,17.76,-13.92,237,-45,-5
[16:12:29] MPU,139233,-1.086,-0.946,1.433,0.02,0.29,0.16,29.85,-15.58,17.75,-14.14,236,-45,-
[16:12:29] Ayrıştırma Hatası: could not convert string to float: '-'
[16:12:29] MPU,139342,-1.086,-0.947,1.431,0.01,0.25,0.21,29.87,-15.57,17.75,-14.04,237,-45,-6
[16:12:29] MPU,13944,-1.086,-0.947,1.433,0.02,0.28,0.22,29.84,-15.58,17.75,-14.00,236,-45,-5
[16:12:29] MPU,139550,-1.085,-0.946,1.433,-0.01,0.30,0.20,29.84,-15.57,17.75,-14.13,236,-45,-6
[16:12:29] MPU,139650,-1.085,-0.947,1.429,-0.07,0.33,0.22,29.86,-15.57,17.75,-14.00,236,-45,-5
[16:12:30] MPU139759,-1.086,-0.947,1.432,-0.07,0.32,0.23,29.87,-15.58,17.75,-13.66,236,-44,-5
[16:12:30] [Telemetri] Arayüze Gönderildi: {'zaman_damgasi': 139650, 'irtifa': 0.0, 'hiz': 0.0, 'enlem': 0.0, 'boylam': 0.0, 'durum': 'NORMAL', 'zemin_rakimi': 0.0, 'ax': -1.085, 'ay': -0.947, 'az': 1.429, 'gx': -0.07, 'gy': 0.33, 'gz': 0.22, 'sicaklik': 29.86, 'roll': -15.57, 'pitch': 17.75, 'yaw': -14.0, 'mx': 236.0, 'my': -45.0, 'mz': -5.0}
[16:12:30] MPU,139892,-1.087,-0.946,1.434,-0.03,0.23,0.26,29.8,-15.58,17.75,-13.52,236,-4,-4
[16:12:30] MPU,140024,-1.087,-0.947,1.435,0.02,0.26,0.22,29.86,-15.58,17.77,-13.27,235,-43,-4
[16:12:30] MPU,140127,-1.087,-0.945,1.430,0.03,.26,0.14,29.86,-15.57,17.77,-12.78,235,-42,-3
[16:12:30] MPU,140235,-1.085,-0.946,1.432,0.01,0.28,0.22,2985,-15.57,17.76,-12.86,234,-42,-3
[16:12:30] MPU,140335,-1.085,-0.948,1.436,0.02,0.30,0.20,29.87,-15.58,17.75,-12.37,234,-41,-2
[16:12:30] MPU,140444,-1.085,-0.945,1.430,0.05,0.29,0.22,29.87,-15.58,17.75,-12.45,233,-41,-2
[16:12:30] MPU,140544,-1.087,-0.947,1.431,-0.05,0.24,0.22,29.85,-15.58,17.76,-11.96,233,-40,-1
[16:12:31] MPU,140652,-1.086,-0.946,1.429,0.08,0.28,0.20,29.86,-15.58,17.76,-12.09,233,-40,-2
[16:12:31] MPU,140762,-1.084,-0.947,1.432,0.04,0.19,0.1,29.85,-15.58,17.75,-11.96,233,-40,-1
[16:12:31] [Telemetri] Arayüze Gönderildi: {'zaman_damgasi': 140762, 'irtifa': 0.0, 'hiz': 0.0, 'enlem': 0.0, 'boylam': 0.0, 'durum': 'NORMAL', 'zemin_rakimi': 0.0, 'ax': -1.084, 'ay': -0.947, 'az': 1.432, 'gx': 0.04, 'gy': 0.19, 'gz': 0.1, 'sicaklik': 29.85, 'roll': -15.58, 'pitch': 17.75, 'yaw': -11.96, 'mx': 233.0, 'my': -40.0, 'mz': -1.0}
[16:12:31] MPU,140903,-1.085,-0.946,.434,-0.01,0.26,0.18,29.85,-15.58,17.75,-12.09,233,-40,-2
[16:12:31] MPU,141026,-1.088,-0.948,1.433,-0.02,0.22,0.17,29.85,-15.58,17.77,-12.10,233,-40,-2
[16:12:31] MPU,14112,-1.086,-0.946,1.432,0.01,0.31,0.14,29.84,-15.58,17.77,-12.02,234,-40,-2
[16:12:31] MPU,141229,-1.086,-0.947,1.436,-0.03,0.26,0.20,29.86,-15.58,17.77,-12.37,234,-41,-2
[16:12:31] MPU,141337,-1.087,-0.948,1.434,0.02,0.26,0.20,29.86,-15.58,17.76,-12.37,234,-41,-2
[16:12:31] MPU,141447,-1.087,-0.947,1.434,0.02,0.23,0.20,29.83,-15.58,17.77,-12.73,234,-42,-2
[16:12:31] MPU,141556,-1.086,0.947,1.435,-0.03,0.24,.19,29.84,-15.58,17.76,-12.78,235,-42,-3
[16:12:32] MPU,14165,-1.084,-0.945,1.43,0.05,0.27,0.17,29.82,-15.59,17.75,-13.13,235,-43,-3
[16:12:32] MPU,141764,-1.085,-0.946,1.433,0.02,0.22,0.20,29.84,-15.58,17.74,-13.26,235,-43,-4
[16:12:32] [Telemetri] Arayüze Gönderildi: {'zaman_damgasi': 141764, 'irtifa': 0.0, 'hiz': 0.0, 'enlem': 0.0, 'boylam': 0.0, 'durum': 'NORMAL', 'zemin_rakimi': 0.0, 'ax': -1.085, 'ay': -0.946, 'az': 1.433, 'gx': 0.02, 'gy': 0.22, 'gz': 0.2, 'sicaklik': 29.84, 'roll': -15.58, 'pitch': 17.74, 'yaw': -13.26, 'mx': 235.0, 'my': -43.0, 'mz': -4.0}
[16:12:32] MPU,141905,-1.087,-0.946,1.433,-0.03,0.26,0.21,29.82,-15.58,17.74,-13.17,236,-43,-4
[16:12:32] MPU,142025,-1.084,-0.945,1.433,-001,0.30,0.22,29.83-15.58,17.77,-13.18,26,-43,-4
[16:12:32] MPU,142132,-1.086,-0.947,1.432,-0.05,0.24,0.20,29.82,-15.59,17.77,-13.27,235,-43,-4
[16:12:32] MPU,142241,-1.085,-0.946,1.433,0.02,0.23,0.21,29.84,-15.58,17.76,-12.78,235,-42,-3
[16:12:32] MPU,142341,-1.085,-0.947,1.434,-0.05,0.28,0.21,29.83,-15.58,17.76,-12.86,234,-42,-3
[16:12:32] MPU,142449,-1.086,-0.946,1.435,0.02,0.26,0.18,29.83,-15.58,17.75,-12.14,234,-40,-3
[16:12:32] MPU,142559,-1.086,-0.947,1.435,0.02,0.26,0.18,29.83,-15.57,17.75,-12.01,234,-40,-2
[16:12:33] MPU,142668,-1.085,-0.947,1.433,0.08,0.30,0.23,29.82,-15.57,17.75,-12.08,233,-40,-2
[16:12:33] MPU,142768,-1.086,-0.947,1.435,0.01,0.32,0.20,29.8,-15.57,17.75,-11.72,233,-39,-2
[16:12:33] [Telemetri] Arayüze Gönderildi: {'zaman_damgasi': 142768, 'irtifa': 0.0, 'hiz': 0.0, 'enlem': 0.0, 'boylam': 0.0, 'durum': 'NORMAL', 'zemin_rakimi': 0.0, 'ax': -1.086, 'ay': -0.947, 'az': 1.435, 'gx': 0.01, 'gy': 0.32, 'gz': 0.2, 'sicaklik': 29.8, 'roll': -15.57, 'pitch': 17.75, 'yaw': -11.72, 'mx': 233.0, 'my': -39.0, 'mz': -2.0}
[16:12:33] MPU,142877,-1.084,-0.946,1.431,-0.07,0.30,0.20,29.83,-15.58,17.75,-11.96,233,-40,-1
[16:12:33] MPU,143010,-1.087,-0.944,1.436,0.02,0.28,0.21,29.81,-15.57,17.78,-11.65,234,-39,-2
[16:12:33] MPU,143115,-1.085,-0.947,1.437,0.00,0.26,0.17,29.81,-15.57,17.77,-12.37,234,-41,-2
[16:12:33] MPU,143224,-1.086,-0.946,1.434,0.03,0.24,0.17,29.83,-15.57,17.76,-12.86,234,-42,-3
[16:12:33] MPU,143333,-1.086,-0.945,1.434,0.02,0.26,0.20,29.83,-15.57,17.76,-13.26,235,-43,-4
[16:12:33] MPU,143442,-1.08,-0.944,1.434,-0.01,0.27,0.17,29.82,-15.56,17.76,-13.52,236,-44,-4
[16:12:33] MPU,143542,-1.083,-0.946,1.32,-0.01,0.24,0.22,29.80,-15.57,17.75,-14.00,236,-45,-5
[16:12:33] MPU,143650,-1.087,-0.945,1.433,0.00,0.28,0.23,29.81,15.57,1.76,-13.65,236,-44,-5
[16:12:34] MPU,143750,-1.084,-0.946,1.432,-0.03,0.22,0.19,29.82,-15.58,17.75,-13.65,236,-44,-5
[16:12:34] [Telemetri] Arayüze Gönderildi: {'zaman_damgasi': 143750, 'irtifa': 0.0, 'hiz': 0.0, 'enlem': 0.0, 'boylam': 0.0, 'durum': 'NORMAL', 'zemin_rakimi': 0.0, 'ax': -1.084, 'ay': -0.946, 'az': 1.432, 'gx': -0.03, 'gy': 0.22, 'gz': 0.19, 'sicaklik': 29.82, 'roll': -15.58, 'pitch': 17.75, 'yaw': -13.65, 'mx': 236.0, 'my': -44.0, 'mz': -5.0}
[16:12:34] MPU,143901,-1.086,-0.947,1.434,0.00,0.23,0.15,29.81,-15.57,17.75,-13.65,236,-44,-5
[16:12:34] MPU,144024,-1.085,-0.947,1.433,-0.05,.29,0.19,29.80,-15.58,17.77,-13.18,236,-43,-4
[16:12:34] MPU,144128,-1.087,-0.945,1.433,0.00,0.23,0.20,29.80,-15.58,17.77,-13.05,236,-43-3
[16:12:34] MPU,144236,-1.087,-0.945,1.432,0.03,0.27,0.23,29.82,-15.58,17.77,-13.13,235,-43,-3
[16:12:34] MPU,144346,-1.087,-0.947,1.433,0.00,0.29,0.20,29.81,-15.58,17.76,-13.13,235,-43,-3
[16:12:34] MPU,144455,-1.086,-0.946,1.434,-0.07,0.26,0.24,29.81,-15.58,17.76,-13.26,235,-43,-4
[16:12:34] MPU,144555,-1.06,-0.947,1.435,-0.06,0.33,0.21,29.80,-15.58,17.75,-13.17,236,-43,-4
[16:12:35] MU,144663,-1.086,-0.946,1.435,-0.01,0.23,0.22,2980,-15.58,17.75,-13.13,235,-43,-3
[16:12:35] MPU,144773,-1.084,-0.948,1.435,000,0.20,0.15,29.80,-15.58,17.75,-12.90,235,-42,-4
[16:12:35] [Telemetri] Arayüze Gönderildi: {'zaman_damgasi': 144773, 'irtifa': 0.0, 'hiz': 0.0, 'enlem': 0.0, 'boylam': 0.0, 'durum': 'NORMAL', 'zemin_rakimi': 0.0, 'ax': -1.084, 'ay': -0.948, 'az': 1.435, 'gx': 0.0, 'gy': 0.2, 'gz': 0.15, 'sicaklik': 29.8, 'roll': -15.58, 'pitch': 17.75, 'yaw': -12.9, 'mx': 235.0, 'my': -42.0, 'mz': -4.0}
[16:12:35] MPU,144904,-1.086,-0.947,1.436,-0.05,0.25,0.18,29.81,-15.58,17.75,-13.17,236,-43,-4
[16:12:35] MPU,145025,-1.086,-0.946,1.431,002,0.26,0.19,29.81,-15.58,17.77,-13.27,235,-43,4
[16:12:35] MPU,145130,-1.086,-0.946,1.432,0.06,0.30,0.17,29.79,-15.58,17.77,-12.91,235,-42,-4
[16:12:35] MPU,145240,-1.086,-0.947,1.432,-0.07,0.26,0.17,29.80,-15.57,17.76,-13.26,235,-43,-4
[16:12:35] MPU,145348,-1.086,-0.947,1.432,-0.01,0.30,0.17,29.80,-15.58,17.76,-12.91,235,-42,-4
[16:12:35] MPU,145458,-1.086,-0.945,1.432,0.04,0.33,0.19,29.80,-15.58,17.75,-13.3,235,-43,-3
[16:12:35] MPU,145567,-1.084,-0.947,1.435,0.02,0.28,0.18,29.81,-15.58,17.75,-13.13,235,-43,-3
[16:12:36] MPU,145676,-1.088,-0.94,1.434,0.02,0.30,0.14,29.80,-15.58,17.75,-13.13,235,-43,-3
[16:12:36] MPU,145785,-1.089,-0.948,1.434,0.03,0.21,0.23,29.7,-15.59,17.76,-12.91,235,-42,-4
[16:12:36] [Telemetri] Arayüze Gönderildi: {'zaman_damgasi': 145785, 'irtifa': 0.0, 'hiz': 0.0, 'enlem': 0.0, 'boylam': 0.0, 'durum': 'NORMAL', 'zemin_rakimi': 0.0, 'ax': -1.089, 'ay': -0.948, 'az': 1.434, 'gx': 0.03, 'gy': 0.21, 'gz': 0.23, 'sicaklik': 29.7, 'roll': -15.59, 'pitch': 17.76, 'yaw': -12.91, 'mx': 235.0, 'my': -42.0, 'mz': -4.0}
[16:12:36] MPU,145906,-1.085,-0.945,1.432,-0.08,0.27,0.19,29.79,-15.59,17.76,-12.78,235,-42,-3
[16:12:36] MPU,146025,-1.087,-0.947,1.433,0.05,0.26,0.19,29.79,-15.59,17.78,-12.87,234,-42,-3
[16:12:36] MPU,146132,-1.086,-0.946,1.431,-0.05,0.23,0.17,29.79,-15.58,17.78,-12.56,235,-41,-4
[16:12:36] MPU,146232,-1.088,-0.946,1.431,0.01,0.23,0.15,29.80,-15.59,17.77,-12.20,235,-40,-4
[16:12:36] MPU,146341,-1.086,-0.947,1.433,0.01,0.27,0.17,29.80,-15.59,17.76,-12.56,235,-41,-4
[16:12:36] MPU,146450,-1.087,-0.946,1.432,-0.02,0.26,0.19,29.78,-15.58,17.76,-12.55,235,-41,-4
[16:12:36] MPU,146560,-1.087,-0.945,1.435,-0.01,0.27,0.14,29.80,-15.57,17.76,-12.55,235,-41,-4
